,open,high,low,close,adjusted close,volume,dividend amount,split coefficient
2014-09-30,20.02,20.02,19.82,19.82,18.6371,6803,0.0,1.0
2014-10-01,19.57,19.57,19.456,19.456,18.2948,8570,0.0,1.0
2014-10-02,19.33,19.58,19.33,19.58,18.4114,15550,0.0,1.0
2014-10-03,19.81,19.84,19.806,19.84,18.6559,8510,0.0,1.0
2014-10-06,19.93,19.93,19.71,19.71,18.5337,5337,0.0,1.0
2014-10-07,19.57,19.57,19.5,19.5,18.3362,4822,0.0,1.0
2014-10-08,19.35,19.56,19.19,19.56,18.3926,4108,0.0,1.0
2014-10-09,19.53,19.53,19.09,19.2,18.0541,6773,0.0,1.0
2014-10-10,19.12,19.12,18.67,18.67,17.5557,4278,0.0,1.0
2014-10-13,18.66,18.75,18.5399,18.75,17.631,3931,0.0,1.0
2014-10-14,18.65,18.67,18.65,18.664,17.5501,9051,0.0,1.0
2014-10-15,18.59,18.59,18.414,18.414,17.315,2900,0.0,1.0
2014-10-16,18.7,19.02,18.63,19.02,17.8849,3825,0.0,1.0
2014-10-17,19.22,19.22,18.96,19.051,17.914,6320,0.0,1.0
2014-10-20,19.09,19.15,19.08,19.15,18.0071,7988,0.0,1.0
2014-10-21,19.34,19.54,19.3352,19.53,18.3644,15084,0.0,1.0
2014-10-22,19.59,19.59,19.3,19.3,18.1481,6859,0.0,1.0
2014-10-23,19.37,19.54,19.37,19.45,18.2892,3852,0.0,1.0
2014-10-24,19.4,19.4,19.38,19.4,18.2422,2840,0.0,1.0
2014-10-27,19.39,19.39,19.27,19.39,18.2328,7396,0.0,1.0
2014-10-28,19.5,19.918,19.49,19.918,18.7293,20317,0.0,1.0
2014-10-29,20.19,20.19,19.54,19.66,18.4867,12336,0.0,1.0
2014-10-30,19.54,19.54,19.54,19.54,18.3738,2550,0.0,1.0
2014-10-31,19.976,20.06,19.976,20.06,18.8628,648,0.0,1.0
2014-11-03,20.03,20.11,19.98,19.98,18.7876,4032,0.0,1.0
2014-11-04,19.98,19.98,19.84,19.8618,18.6764,1126,0.0,1.0
2014-11-05,19.81,19.81,19.72,19.72,18.5431,650,0.0,1.0
2014-11-06,19.7,19.87,19.7,19.87,18.6841,950,0.0,1.0
2014-11-07,19.88,19.88,19.732,19.732,18.5544,900,0.0,1.0
2014-11-10,19.9,19.95,19.87,19.93,18.7405,3402,0.0,1.0
2014-11-11,20.15,20.15,19.9605,20.08,18.8816,1390,0.0,1.0
2014-11-12,20.05,20.06,19.9699,20.0453,18.849,1409,0.0,1.0
2014-11-13,20.149,20.149,20.0835,20.0835,18.8849,1800,0.0,1.0
2014-11-14,20.14,20.21,20.14,20.21,19.0038,380,0.0,1.0
2014-11-17,20.21,20.22,20.21,20.22,19.0132,650,0.0,1.0
2014-11-18,20.39,20.39,20.31,20.31,19.0979,350,0.0,1.0
2014-11-19,20.17,20.19,20.1199,20.13,18.9286,1038,0.0,1.0
2014-11-20,20.12,20.12,20.12,20.12,18.9192,288,0.0,1.0
2014-11-21,20.36,20.36,20.308,20.308,19.096,456,0.0,1.0
2014-11-24,20.37,20.47,20.37,20.468,19.2464,514,0.0,1.0
2014-11-25,20.46,20.46,20.46,20.46,19.2389,261,0.0,1.0
2014-11-26,20.46,20.46,20.46,20.46,19.2389,257,0.0,1.0
2014-11-28,20.45,20.45,20.4381,20.4381,19.2183,375,0.0,1.0
2014-12-01,20.17,20.17,20.0,20.0,18.8064,2100,0.0,1.0
2014-12-02,19.946,20.05,19.946,20.022,18.8271,1110,0.0,1.0
2014-12-03,20.17,20.17,20.17,20.17,18.9662,250,0.0,1.0
2014-12-04,20.11,20.1499,20.11,20.1499,18.9473,350,0.0,1.0
2014-12-05,20.18,20.18,20.1,20.1,18.9004,750,0.0,1.0
2014-12-08,20.05,20.05,20.05,20.05,18.8534,262,0.0,1.0
2014-12-09,19.56,19.817,19.53,19.817,18.6343,1015,0.0,1.0
2014-12-10,19.82,19.82,19.82,19.82,18.6371,300,0.0,1.0
2014-12-11,19.63,19.63,19.5363,19.54,18.3738,3050,0.0,1.0
2014-12-12,19.54,19.54,19.54,19.54,18.3738,258,0.0,1.0
2014-12-15,19.35,19.35,19.0,19.0,17.8661,820,0.0,1.0
2014-12-16,18.8999,19.009,18.85,18.85,17.725,1550,0.0,1.0
2014-12-17,18.86,19.23,18.86,19.23,18.0823,1180,0.0,1.0
2014-12-18,19.59,19.59,19.46,19.53,18.3644,3452,0.0,1.0
2014-12-19,19.659,19.739,19.659,19.739,18.5609,286,0.0,1.0
2014-12-22,19.83,19.83,19.7599,19.82,18.6371,1434,0.0,1.0
2014-12-23,19.939,19.97,19.9,19.9099,18.7216,7821,0.0,1.0
2014-12-24,19.89,19.9,19.89,19.89,18.7029,691,0.0,1.0
2014-12-26,20.09,20.0901,19.9699,20.0901,18.8911,1425,0.0,1.0
2014-12-29,20.47,20.47,19.9799,19.9799,18.7875,1750,0.0,1.0
2014-12-30,19.97,19.97,19.791,19.791,18.6098,774,0.0,1.0
2014-12-31,19.8315,19.9199,19.8315,19.85,18.6653,1060,0.0,1.0
2015-01-02,19.7967,19.7967,19.52,19.64,18.4679,1171,0.0,1.0
2015-01-05,19.41,19.41,19.08,19.08,17.9413,1286,0.0,1.0
2015-01-06,19.14,19.15,18.7,18.916,17.7871,2987,0.0,1.0
2015-01-07,18.929,18.929,18.929,18.929,17.7993,224,0.0,1.0
2015-01-08,19.179,19.24,19.17,19.22,18.0729,3946,0.0,1.0
2015-01-09,19.05,19.05,19.05,19.05,17.9131,100,0.0,1.0
2015-01-12,19.19,19.19,18.78,18.91,17.7814,30470,0.0,1.0
2015-01-13,18.99,18.99,18.62,18.79,17.6686,1235,0.0,1.0
2015-01-14,18.64,18.67,18.505,18.62,17.5087,2907,0.0,1.0
2015-01-15,18.75,18.75,18.459,18.47,17.3677,2040,0.0,1.0
2015-01-16,18.37,18.51,18.37,18.51,17.4053,815,0.0,1.0
2015-01-20,18.5,18.67,18.5,18.6436,17.5309,1200,0.0,1.0
2015-01-21,18.8177,18.83,18.76,18.788,17.6667,1705,0.0,1.0
2015-01-22,18.9899,19.1899,18.9899,19.1705,18.0264,2407,0.0,1.0
2015-01-23,19.29,19.29,19.21,19.25,18.1011,1540,0.0,1.0
2015-01-26,19.22,19.37,19.22,19.32,18.167,2860,0.0,1.0
2015-01-27,19.1,19.23,19.02,19.18,18.0353,2710,0.0,1.0
2015-01-28,19.1975,19.1975,18.93,18.93,17.8002,8735,0.0,1.0
2015-01-29,18.96,19.09,18.96,19.09,17.9507,1487,0.0,1.0
2015-01-30,19.13,19.13,18.99,19.06,17.9225,884,0.0,1.0
2015-02-02,18.89,19.1,18.89,19.04,17.9037,1822,0.0,1.0
2015-02-03,18.99,18.99,18.866,18.984,17.851,8098,0.0,1.0
2015-02-04,19.07,19.07,19.07,19.07,17.9319,100,0.0,1.0
2015-02-05,19.32,19.3264,19.3132,19.3264,18.173,1700,0.0,1.0
2015-02-06,19.38,19.42,19.322,19.322,18.1688,2934,0.0,1.0
2015-02-09,19.301,19.38,19.28,19.38,18.2234,1271,0.0,1.0
2015-02-10,19.4701,19.54,19.4701,19.52,18.355,504,0.0,1.0
2015-02-11,19.81,19.81,19.53,19.666,18.4923,1319,0.0,1.0
2015-02-12,19.7399,19.87,19.7199,19.87,18.6841,10610,0.0,1.0
2015-02-13,20.079,20.11,20.06,20.11,18.9098,11930,0.0,1.0
2015-02-17,20.11,20.11,20.01,20.0764,18.8782,3589,0.0,1.0
2015-02-18,20.17,20.17,20.009,20.0314,18.8359,949,0.0,1.0
2015-02-19,20.179,20.22,20.141,20.1936,18.9884,5611,0.0,1.0
2015-02-20,20.12,20.3,20.12,20.28,19.0697,2115,0.0,1.0
2015-02-23,20.21,20.21,20.21,20.21,19.0038,100,0.0,1.0
2015-02-24,20.13,20.13,20.13,20.13,18.9286,110,0.0,1.0
2015-02-25,20.25,20.26,20.2001,20.2001,18.9945,1450,0.0,1.0
2015-02-26,20.37,20.37,20.37,20.37,19.1543,291,0.0,1.0
2015-02-27,20.39,20.39,20.349,20.349,19.1345,2619,0.0,1.0
2015-03-02,20.465,20.465,20.4477,20.448,19.2276,940,0.0,1.0
2015-03-03,20.409,20.4125,20.341,20.344,19.1298,2521,0.0,1.0
2015-03-04,20.26,20.3099,20.26,20.3099,19.0978,322,0.0,1.0
2015-03-05,20.2101,20.41,20.2101,20.3768,19.1607,2160,0.0,1.0
2015-03-06,20.15,20.15,20.12,20.12,18.9192,667,0.0,1.0
2015-03-09,20.29,20.29,20.07,20.08,18.8816,1748,0.0,1.0
2015-03-10,19.83,19.83,19.83,19.83,18.6465,110,0.0,1.0
2015-03-11,19.84,19.85,19.7969,19.85,18.6653,1132,0.0,1.0
2015-03-12,20.04,20.4,19.9099,19.98,18.7876,2540,0.0,1.0
2015-03-13,19.92,19.95,19.92,19.95,18.7594,440,0.0,1.0
2015-03-16,20.15,20.16,20.1101,20.155,18.9521,8055,0.0,1.0
2015-03-17,20.0201,20.12,20.0201,20.11,18.9098,959,0.0,1.0
2015-03-18,20.2,20.339,20.2,20.339,19.1251,1653,0.0,1.0
2015-03-19,20.49,20.49,20.276,20.276,19.0659,3761,0.0,1.0
2015-03-20,20.39,20.41,20.39,20.41,19.1919,8835,0.0,1.0
2015-03-23,20.319,20.3699,20.319,20.3699,19.1542,1149,0.0,1.0
2015-03-24,20.45,20.45,20.44,20.44,19.2201,860,0.0,1.0
2015-03-25,19.989,19.989,19.912,19.912,18.7236,224,0.0,1.0
2015-03-26,19.7896,19.7896,19.7896,19.7896,18.6085,100,0.0,1.0
2015-03-27,19.7,19.7,19.7,19.7,18.5243,153,0.0,1.0
2015-03-30,19.86,19.96,19.836,19.96,18.7688,2085,0.0,1.0
2015-03-31,20.16,20.16,19.88,19.92,18.7311,845,0.0,1.0
2015-04-01,19.74,19.7795,19.7,19.7795,18.599,450,0.0,1.0
2015-04-02,19.9,19.929,19.9,19.929,18.7396,679,0.0,1.0
2015-04-06,20.0,20.15,20.0,20.15,18.9474,1001,0.0,1.0
2015-04-07,20.3,20.3,20.182,20.182,18.9775,4136,0.0,1.0
2015-04-08,20.41,20.41,20.41,20.41,19.1919,100,0.0,1.0
2015-04-09,20.4,20.4,20.4,20.4,19.1825,100,0.0,1.0
2015-04-10,20.57,20.61,20.57,20.61,19.38,1484,0.0,1.0
2015-04-13,20.64,20.64,20.6,20.6,19.3706,637,0.0,1.0
2015-04-14,20.46,20.46,20.46,20.46,19.2389,160,0.0,1.0
2015-04-15,20.76,20.78,20.76,20.7699,19.5303,1160,0.0,1.0
2015-04-16,20.651,20.674,20.59,20.63,19.3988,2325,0.0,1.0
2015-04-17,20.4331,20.4331,20.25,20.27,19.0603,7709,0.0,1.0
2015-04-20,20.51,20.51,20.23,20.35,19.1355,1324,0.0,1.0
2015-04-21,20.3995,20.4,20.38,20.38,19.1637,1195,0.0,1.0
2015-04-22,20.28,20.51,20.28,20.5,19.2765,35185,0.0,1.0
2015-04-23,20.45,20.65,20.45,20.649,19.4166,1305,0.0,1.0
2015-04-24,20.549,20.549,20.549,20.549,19.3226,231,0.0,1.0
2015-04-27,20.6,20.77,20.6,20.7599,19.5209,22781,0.0,1.0
2015-04-28,20.53,20.564,20.484,20.55,19.3235,1299,0.0,1.0
2015-04-29,20.2,20.2,20.075,20.075,18.8769,1023,0.0,1.0
2015-04-30,20.01,20.01,19.7,19.7,18.5243,104522,0.0,1.0
2015-05-01,19.6199,19.6199,19.6199,19.6199,18.449,100,0.0,1.0
2015-05-04,19.81,19.826,19.79,19.826,18.6428,14006,0.0,1.0
2015-05-05,19.5991,19.5991,19.579,19.579,18.4105,535,0.0,1.0
2015-05-06,19.5,19.5,19.5,19.5,18.3362,657,0.0,1.0
2015-05-07,19.53,19.53,19.5101,19.5101,18.3457,681,0.0,1.0
2015-05-08,19.65,19.65,19.65,19.65,18.4773,100,0.0,1.0
2015-05-11,19.74,19.76,19.71,19.75,18.5713,858,0.0,1.0
2015-05-12,19.71,19.71,19.71,19.71,18.5337,109,0.0,1.0
2015-05-13,19.79,19.79,19.79,19.79,18.6089,175,0.0,1.0
2015-05-14,19.9899,19.9899,19.9899,19.9899,18.7969,150,0.0,1.0
2015-05-15,19.91,19.925,19.91,19.925,18.7358,1000,0.0,1.0
2015-05-18,19.925,20.0299,19.925,20.0299,18.8345,546,0.0,1.0
2015-05-19,20.01,20.055,19.99,20.0399,18.8439,1034,0.0,1.0
2015-05-20,20.0199,20.0199,19.891,19.895,18.7076,3598,0.0,1.0
2015-05-21,20.095,20.1399,20.095,20.1399,18.9379,714,0.0,1.0
2015-05-22,20.0699,20.1099,20.0699,20.1099,18.9097,3367,0.0,1.0
2015-05-26,20.11,20.11,19.92,19.92,18.7311,653,0.0,1.0
2015-05-27,19.9,20.091,19.9,20.091,18.8919,4619,0.0,1.0
2015-05-28,20.0921,20.16,20.088,20.1599,18.9567,970,0.0,1.0
2015-05-29,20.1179,20.1179,20.06,20.06,18.8628,1423,0.0,1.0
2015-06-01,20.1499,20.1499,20.1499,20.1499,18.9473,149,0.0,1.0
2015-06-02,20.209,20.209,20.14,20.14,18.938,406,0.0,1.0
2015-06-03,20.324,20.324,20.28,20.3,19.0885,1990,0.0,1.0
2015-06-04,20.26,20.26,20.05,20.07,18.8722,1577,0.0,1.0
2015-06-05,19.94,20.07,19.94,20.07,18.8722,327,0.0,1.0
2015-06-08,20.1101,20.1323,20.051,20.055,18.8581,1350,0.0,1.0
2015-06-09,20.0899,20.0899,20.04,20.05,18.8534,1709,0.0,1.0
2015-06-10,20.2,20.2201,20.16,20.2201,19.0133,548,0.0,1.0
2015-06-11,20.24,20.24,20.2185,20.2185,19.0118,400,0.0,1.0
2015-06-12,20.12,20.12,20.082,20.092,18.8929,933,0.0,1.0
2015-06-15,20.0099,20.0099,19.95,19.95,18.7594,200,0.0,1.0
2015-06-16,20.0301,20.075,20.03,20.075,18.8769,536,0.0,1.0
2015-06-17,20.24,20.24,20.22,20.22,19.0132,300,0.0,1.0
2015-06-18,20.3701,20.415,20.3701,20.415,19.1966,2200,0.0,1.0
2015-06-19,20.41,20.41,20.4,20.4,19.1825,5650,0.0,1.0
2015-06-22,20.467,20.51,20.467,20.51,19.2859,299,0.0,1.0
2015-06-23,20.55,20.5801,20.55,20.5801,19.3519,2507,0.0,1.0
2015-06-24,20.328,20.328,20.328,20.328,19.1148,130,0.0,1.0
2015-06-25,20.398,20.3995,20.398,20.3995,19.182,730,0.0,1.0
2015-06-26,20.33,20.35,20.21,20.27,19.0603,838,0.0,1.0
2015-06-29,19.78,19.78,19.67,19.6701,18.4962,2330,0.0,1.0
2015-06-30,19.79,19.79,19.74,19.76,18.5807,1037,0.0,1.0
2015-07-01,19.98,19.98,19.784,19.83,18.6465,1250,0.0,1.0
2015-07-02,19.889,19.93,19.889,19.93,18.7405,422,0.0,1.0
2015-07-06,19.818,19.818,19.762,19.7699,18.59,905,0.0,1.0
2015-07-07,19.51,19.718,19.49,19.715,18.5384,3854,0.0,1.0
2015-07-08,19.405,19.405,19.2792,19.2792,18.1286,1563,0.0,1.0
2015-07-09,19.52,19.52,19.52,19.52,18.355,100,0.0,1.0
2015-07-10,19.52,19.52,19.52,19.52,18.355,100,0.0,1.0
2015-07-13,19.68,19.79,19.6601,19.79,18.6089,1765,0.0,1.0
2015-07-14,19.929,19.98,19.929,19.98,18.7876,1106,0.0,1.0
2015-07-15,19.92,19.9699,19.8,19.8,18.6183,600,0.0,1.0
2015-07-16,19.9021,19.9499,19.9021,19.9499,18.7593,385,0.0,1.0
2015-07-17,19.979,19.979,19.9586,19.9586,18.7674,400,0.0,1.0
2015-07-20,19.9201,19.9699,19.9201,19.9699,18.7781,346,0.0,1.0
2015-07-21,19.8,19.88,19.8,19.88,18.6935,619,0.0,1.0
2015-07-22,19.799,19.799,19.77,19.77,18.5901,600,0.0,1.0
2015-07-23,19.8924,19.8924,19.8924,19.8924,18.7052,100,0.0,1.0
2015-07-24,19.729,19.729,19.729,19.729,18.5515,162,0.0,1.0
2015-07-27,19.574,19.6401,19.57,19.64,18.4679,1948,0.0,1.0
2015-07-28,19.657,19.7,19.654,19.7,18.5243,306,0.0,1.0
2015-07-29,19.67,19.7399,19.67,19.7399,18.5618,1137,0.0,1.0
2015-07-30,19.577,19.594,19.577,19.594,18.4246,362,0.0,1.0
2015-07-31,19.6,19.6,19.5,19.5,18.3362,350,0.0,1.0
2015-08-03,19.38,19.38,19.3,19.3,18.1481,1254,0.0,1.0
2015-08-04,19.05,19.05,19.05,19.05,17.9131,175,0.0,1.0
2015-08-05,19.09,19.09,19.09,19.09,17.9507,195,0.0,1.0
2015-08-06,19.0,19.02,18.96,19.02,17.8849,2699,0.0,1.0
2015-08-07,19.12,19.12,19.12,19.12,17.9789,102,0.0,1.0
2015-08-10,19.4,19.4,19.4,19.4,18.2422,100,0.0,1.0
2015-08-11,19.2595,19.2984,19.2595,19.2984,18.1466,1248,0.0,1.0
2015-08-12,19.07,19.07,19.07,19.07,17.9319,100,0.0,1.0
2015-08-13,19.1666,19.1666,19.15,19.15,18.0071,350,0.0,1.0
2015-08-14,19.2195,19.2195,19.19,19.19,18.0447,492,0.0,1.0
2015-08-17,19.14,19.2862,19.14,19.2862,18.1352,261,0.0,1.0
2015-08-18,19.11,19.189,19.07,19.07,17.9319,4266,0.0,1.0
2015-08-19,18.93,18.93,18.93,18.93,17.8002,120,0.0,1.0
2015-08-20,18.517,18.52,18.336,18.336,17.2417,2358,0.0,1.0
2015-08-21,17.95,18.09,17.95,18.0,16.9257,2757,0.0,1.0
2015-08-24,17.88,17.88,16.38,17.593,16.543,1588,0.0,1.0
2015-08-25,18.02,18.02,17.25,17.25,16.2205,4449,0.0,1.0
2015-08-26,17.59,17.59,17.4605,17.4605,16.4184,713,0.0,1.0
2015-08-27,18.29,18.29,18.26,18.26,17.1702,695,0.0,1.0
2015-08-28,18.37,18.39,18.3,18.3,17.2078,1209,0.0,1.0
2015-08-31,18.31,18.43,18.31,18.43,17.3301,200,0.0,1.0
2015-09-01,18.18,18.18,17.78,17.8,16.7377,1372,0.0,1.0
2015-09-02,17.79,17.79,17.79,17.79,16.7283,100,0.0,1.0
2015-09-03,17.92,17.92,17.92,17.92,16.8505,103,0.0,1.0
2015-09-04,17.67,17.69,17.67,17.69,16.6342,200,0.0,1.0
2015-09-08,18.19,18.2479,18.19,18.2479,17.1588,425,0.0,1.0
2015-09-09,18.2099,18.2099,18.2099,18.2099,17.1231,102,0.0,1.0
2015-09-10,18.13,18.13,18.1,18.12,17.0386,390,0.0,1.0
2015-09-11,18.1,18.1,18.0,18.0253,16.9495,3100,0.0,1.0
2015-09-14,18.1,18.1,18.1,18.1,17.0198,300,0.0,1.0
2015-09-15,18.324,18.3399,18.324,18.3399,17.2453,726,0.0,1.0
2015-09-16,18.71,18.71,18.71,18.71,17.5934,100,0.0,1.0
2015-09-17,18.61,18.61,18.61,18.61,17.4993,125,0.0,1.0
2015-09-18,18.44,18.47,18.43,18.47,17.3677,1652,0.0,1.0
2015-09-21,18.395,18.395,18.395,18.395,17.2972,339,0.0,1.0
2015-09-22,18.12,18.12,18.12,18.12,17.0386,119,0.0,1.0
2015-09-23,18.02,18.02,18.02,18.02,16.9445,100,0.0,1.0
2015-09-24,17.81,17.81,17.81,17.81,16.7471,115,0.0,1.0
2015-09-25,17.98,17.98,17.98,17.98,16.9069,100,0.0,1.0
2015-09-28,17.75,17.75,17.53,17.53,16.4838,1400,0.0,1.0
2015-09-29,17.1101,17.3295,17.07,17.07,16.0512,2115,0.0,1.0
2015-09-30,17.35,17.35,17.35,17.35,16.3145,100,0.0,1.0
2015-10-01,17.2,17.2,17.2,17.2,16.1735,100,0.0,1.0
2015-10-02,17.38,17.38,17.38,17.38,16.3427,101,0.0,1.0
2015-10-05,18.01,18.01,18.01,18.01,16.9351,100,0.0,1.0
2015-10-06,17.93,17.95,17.93,17.95,16.8787,1865,0.0,1.0
2015-10-07,18.17,18.17,18.17,18.17,17.0856,298,0.0,1.0
2015-10-08,18.21,18.21,18.21,18.21,17.1232,254,0.0,1.0
2015-10-09,18.47,18.47,18.47,18.47,17.3677,101,0.0,1.0
2015-10-12,18.4,18.4,18.4,18.4,17.3019,110,0.0,1.0
2015-10-13,18.32,18.32,18.32,18.32,17.2266,222,0.0,1.0
2015-10-14,18.3,18.3,18.2193,18.2193,17.1319,227,0.0,1.0
2015-10-15,18.54,18.54,18.29,18.29,17.1984,301,0.0,1.0
2015-10-16,18.52,18.52,18.49,18.49,17.3865,1250,0.0,1.0
2015-10-19,18.41,18.41,18.41,18.41,17.3113,100,0.0,1.0
2015-10-20,18.385,18.435,18.385,18.435,17.3348,438,0.0,1.0
2015-10-21,18.575,18.575,18.344,18.344,17.2492,510,0.0,1.0
2015-10-22,18.454,18.454,18.454,18.454,17.3526,238,0.0,1.0
2015-10-23,18.39,18.4498,18.39,18.4498,17.3487,1216,0.0,1.0
2015-10-26,18.57,18.57,18.57,18.57,17.4617,180,0.0,1.0
2015-10-27,18.438,18.438,18.438,18.438,17.3376,108,0.0,1.0
2015-10-28,18.81,18.81,18.81,18.81,17.6874,100,0.0,1.0
2015-10-29,18.95,18.95,18.78,18.78,17.6592,470,0.0,1.0
2015-10-30,18.93,18.93,18.93,18.93,17.8002,100,0.0,1.0
2015-11-02,19.21,19.21,19.21,19.21,18.0635,120,0.0,1.0
2015-11-03,19.36,19.36,19.36,19.36,18.2046,177,0.0,1.0
2015-11-04,19.3899,19.3899,19.3899,19.3899,18.2327,188,0.0,1.0
2015-11-05,19.29,19.29,19.29,19.29,18.1387,100,0.0,1.0
2015-11-06,19.5099,19.5099,19.48,19.48,18.3174,1170,0.0,1.0
2015-11-09,19.35,19.39,19.32,19.32,18.167,572,0.0,1.0
2015-11-10,19.14,19.16,19.14,19.16,18.0165,290,0.0,1.0
2015-11-11,19.146,19.146,19.146,19.146,18.0033,450,0.0,1.0
2015-11-12,18.84,18.84,18.84,18.84,17.7156,100,0.0,1.0
2015-11-13,18.65,18.65,18.43,18.43,17.3301,200,0.0,1.0
2015-11-16,18.53,18.53,18.53,18.53,17.4241,208,0.0,1.0
2015-11-17,18.65,18.65,18.65,18.65,17.5369,100,0.0,1.0
2015-11-18,18.8999,18.8999,18.8999,18.8999,17.7719,128,0.0,1.0
2015-11-19,19.05,19.05,19.0204,19.0204,17.8852,402,0.0,1.0
2015-11-20,19.24,19.24,19.24,19.24,18.0917,414,0.0,1.0
2015-11-23,19.17,19.17,19.17,19.17,18.0259,100,0.0,1.0
2015-11-24,19.03,19.03,19.03,19.03,17.8943,110,0.0,1.0
2015-11-25,19.464,19.48,19.43,19.4301,18.2705,2163,0.0,1.0
2015-11-27,19.57,19.57,19.57,19.57,18.402,100,0.0,1.0
2015-11-30,19.71,19.71,19.71,19.71,18.5337,172,0.0,1.0
2015-12-01,19.756,19.756,19.756,19.756,18.5769,181,0.0,1.0
2015-12-02,19.85,19.85,19.85,19.85,18.6653,100,0.0,1.0
2015-12-03,19.6,19.6,19.6,19.6,18.4302,300,0.0,1.0
2015-12-04,19.62,19.65,19.62,19.65,18.4773,201,0.0,1.0
2015-12-07,19.49,19.4901,19.49,19.4901,18.3269,1091,0.0,1.0
2015-12-08,19.29,19.29,19.29,19.29,18.1387,243,0.0,1.0
2015-12-09,19.37,19.37,19.3299,19.3299,18.1763,200,0.0,1.0
2015-12-10,19.459,19.479,19.459,19.479,18.3165,738,0.0,1.0
2015-12-11,19.55,19.55,19.08,19.08,17.9413,3515,0.0,1.0
2015-12-14,18.9,18.9,18.9,18.9,17.772,100,0.0,1.0
2015-12-15,19.074,19.1172,19.074,19.1172,17.9763,521,0.0,1.0
2015-12-16,19.355,19.355,19.355,19.355,18.1999,270,0.0,1.0
2015-12-17,19.58,19.58,19.58,19.58,18.4114,120,0.0,1.0
2015-12-18,19.37,19.37,19.37,19.37,18.214,365,0.0,1.0
2015-12-21,19.31,19.31,19.31,19.31,18.1576,100,0.0,1.0
2015-12-22,19.45,19.45,19.45,19.45,18.2892,181,0.0,1.0
2015-12-23,19.6799,19.6799,19.6799,19.6799,18.5054,150,0.0,1.0
2015-12-24,19.626,19.626,19.626,19.626,18.6309,100,0.1874,1.0
2015-12-28,19.4,19.4,19.4,19.4,18.4164,127,0.0,1.0
2015-12-29,19.51,19.56,19.51,19.56,18.5683,202,0.0,1.0
2015-12-30,19.53,19.54,19.47,19.47,18.4828,965,0.0,1.0
2015-12-31,19.25,19.2864,19.18,19.18,18.2075,905,0.0,1.0
2016-01-04,18.69,18.8425,18.66,18.8,17.8468,3947,0.0,1.0
2016-01-05,18.8499,18.88,18.8499,18.88,17.9227,895,0.0,1.0
2016-01-06,18.86,18.86,18.49,18.51,17.5715,416,0.0,1.0
2016-01-07,18.29,18.29,18.1,18.19,17.2677,1290,0.0,1.0
2016-01-08,17.5699,17.5699,17.5699,17.5699,16.6791,122,0.0,1.0
2016-01-11,17.75,17.75,17.0505,17.0505,16.186,1327,0.0,1.0
2016-01-12,17.4499,17.4499,17.1361,17.17,16.2994,1127,0.0,1.0
2016-01-13,17.29,17.37,16.78,16.82,15.9672,1524,0.0,1.0
2016-01-14,16.735,16.735,16.735,16.735,15.8865,403,0.0,1.0
2016-01-15,16.73,16.73,16.3,16.3,15.4735,1303,0.0,1.0
2016-01-19,16.75,16.75,16.455,16.455,15.6207,429,0.0,1.0
2016-01-20,15.83,16.01,15.83,16.0,15.1888,16514,0.0,1.0
2016-01-21,16.23,16.39,16.17,16.39,15.559,681,0.0,1.0
2016-01-22,16.56,16.56,16.56,16.56,15.7204,100,0.0,1.0
2016-01-25,16.265,16.265,16.265,16.265,15.4403,110,0.0,1.0
2016-01-26,16.118,16.12,16.118,16.12,15.3027,565,0.0,1.0
2016-01-27,16.38,16.38,16.25,16.25,15.4261,235,0.0,1.0
2016-01-28,15.8901,15.9091,15.83,15.83,15.0274,593,0.0,1.0
2016-01-29,15.94,16.075,15.94,16.075,15.26,430,0.0,1.0
2016-02-01,16.03,16.03,16.03,16.03,15.2172,100,0.0,1.0
2016-02-02,16.1,16.1,15.8085,15.8085,15.007,976,0.0,1.0
2016-02-03,15.79,15.79,15.79,15.79,14.9894,102,0.0,1.0
2016-02-04,16.0695,16.0695,16.0695,16.0695,15.2547,150,0.0,1.0
2016-02-05,15.52,15.52,15.22,15.22,14.4483,485,0.0,1.0
2016-02-08,15.2,15.2,14.62,14.62,13.8787,1355,0.0,1.0
2016-02-09,14.7364,14.74,14.35,14.48,13.7458,2500,0.0,1.0
2016-02-10,14.78,14.78,14.78,14.78,14.0306,154,0.0,1.0
2016-02-11,14.52,14.52,14.516,14.516,13.78,974,0.0,1.0
2016-02-12,14.85,14.85,14.6087,14.7885,14.0387,1475,0.0,1.0
2016-02-16,15.09,15.09,15.0799,15.0799,14.3153,394,0.0,1.0
2016-02-17,15.7555,15.78,15.7555,15.78,14.9799,258,0.0,1.0
2016-02-18,15.84,15.84,15.79,15.81,15.0084,2415,0.0,1.0
2016-02-19,15.92,15.92,15.87,15.92,15.1128,4365,0.0,1.0
2016-02-22,16.2,16.26,16.2,16.26,15.4356,831,0.0,1.0
2016-02-23,16.248,16.248,16.248,16.248,15.4242,166,0.0,1.0
2016-02-24,16.0995,16.15,16.0995,16.15,15.3312,589,0.0,1.0
2016-02-25,16.2295,16.2297,16.21,16.2297,15.4068,952,0.0,1.0
2016-02-26,16.56,16.56,16.56,16.56,15.7204,150,0.0,1.0
2016-02-29,16.74,16.8299,16.69,16.81,15.9577,680,0.0,1.0
2016-03-01,17.1001,17.1001,17.1001,17.1001,16.2331,592,0.0,1.0
2016-03-02,17.2,17.372,17.2,17.33,16.4513,1081,0.0,1.0
2016-03-03,17.55,17.766,17.55,17.766,16.8652,685,0.0,1.0
2016-03-04,17.97,18.3599,17.97,18.3599,17.429,366,0.0,1.0
2016-03-07,18.11,18.11,18.11,18.11,17.1918,114,0.0,1.0
2016-03-08,17.905,17.905,17.905,17.905,16.9972,585,0.0,1.0
2016-03-09,17.86,17.86,17.85,17.85,16.945,716,0.0,1.0
2016-03-10,17.52,17.61,17.52,17.61,16.7171,1530,0.0,1.0
2016-03-11,17.72,17.72,17.72,17.72,16.8215,166,0.0,1.0
2016-03-14,18.17,18.17,18.11,18.11,17.1918,230,0.0,1.0
2016-03-15,17.7801,17.7801,17.68,17.7099,16.812,1376,0.0,1.0
2016-03-16,17.805,18.02,17.805,18.02,17.1063,366,0.0,1.0
2016-03-17,18.2295,18.25,18.2295,18.25,17.3247,2792,0.0,1.0
2016-03-18,18.45,18.52,18.45,18.51,17.5715,881,0.0,1.0
2016-03-21,18.6095,18.6095,18.6095,18.6095,17.6659,128,0.0,1.0
2016-03-22,18.58,18.684,18.58,18.684,17.7367,1199,0.0,1.0
2016-03-23,18.3795,18.3795,18.3795,18.3795,17.4476,106,0.0,1.0
2016-03-24,17.98,18.24,17.98,18.21,17.2867,2188,0.0,1.0
2016-03-28,18.44,18.44,18.32,18.32,17.3911,517,0.0,1.0
2016-03-29,18.43,18.83,18.32,18.83,17.8753,735,0.0,1.0
2016-03-30,18.99,18.99,18.8836,18.9,17.9417,1438,0.0,1.0
2016-03-31,18.98,18.98,18.9,18.955,17.9939,327,0.0,1.0
2016-04-01,18.81,18.81,18.81,18.81,17.8563,100,0.0,1.0
2016-04-04,19.04,19.1,19.04,19.0867,18.119,1315,0.0,1.0
2016-04-05,19.0867,19.0867,19.0867,19.0867,18.119,11,0.0,1.0
2016-04-06,18.96,19.1201,18.96,19.1201,18.1507,944,0.0,1.0
2016-04-07,19.19,19.19,19.19,19.19,18.217,300,0.0,1.0
2016-04-08,19.19,19.19,19.19,19.19,18.217,69,0.0,1.0
2016-04-11,19.49,19.49,19.0563,19.0563,18.0901,1378,0.0,1.0
2016-04-12,18.93,19.03,18.91,18.99,18.0272,3857,0.0,1.0
2016-04-13,18.99,18.99,18.99,18.99,18.0272,30,0.0,1.0
2016-04-14,19.67,19.814,19.67,19.7,18.7012,2978,0.0,1.0
2016-04-15,19.64,19.64,19.64,19.64,18.6442,250,0.0,1.0
2016-04-18,19.35,19.48,19.34,19.43,18.4448,19426,0.0,1.0
2016-04-19,19.48,19.56,19.27,19.41,18.4259,2349,0.0,1.0
2016-04-20,19.25,19.25,19.25,19.25,18.274,261,0.0,1.0
2016-04-21,19.612,19.7399,19.612,19.7,18.7012,420,0.0,1.0
2016-04-22,19.74,19.74,19.53,19.57,18.5777,1504,0.0,1.0
2016-04-25,19.41,19.41,19.36,19.4048,18.4209,1393,0.0,1.0
2016-04-26,19.56,19.6,19.43,19.58,18.5872,2163,0.0,1.0
2016-04-27,19.5406,19.5406,19.5406,19.5406,18.5498,102,0.0,1.0
2016-04-28,19.36,19.36,19.36,19.36,18.3784,229,0.0,1.0
2016-04-29,18.87,18.92,18.85,18.9136,17.9546,3931,0.0,1.0
2016-05-02,18.852,18.954,18.852,18.954,17.993,359,0.0,1.0
2016-05-03,18.67,18.6707,18.5,18.59,17.6474,17743,0.0,1.0
2016-05-04,18.2885,18.2885,18.12,18.12,17.2013,722,0.0,1.0
2016-05-05,18.0834,18.0834,18.0763,18.079,17.1623,500,0.0,1.0
2016-05-06,18.12,18.12,17.9651,17.9651,17.0542,832,0.0,1.0
2016-05-09,18.48,18.48,18.02,18.02,17.1063,569,0.0,1.0
2016-05-10,18.156,18.28,18.156,18.28,17.3532,384,0.0,1.0
2016-05-11,18.2,18.2,18.2,18.2,17.2772,166,0.0,1.0
2016-05-12,18.0615,18.0615,18.0615,18.0615,17.1457,100,0.0,1.0
2016-05-13,18.0696,18.0696,18.0696,18.0696,17.1534,100,0.0,1.0
2016-05-16,18.2301,18.27,18.23,18.23,17.3057,966,0.0,1.0
2016-05-17,18.31,18.31,18.31,18.31,17.3816,139,0.0,1.0
2016-05-18,18.19,18.23,18.19,18.23,17.3057,200,0.0,1.0
2016-05-19,18.088,18.088,18.088,18.088,17.1709,100,0.0,1.0
2016-05-20,18.356,18.356,18.356,18.356,17.4253,150,0.0,1.0
2016-05-23,18.25,18.4799,18.25,18.39,17.4576,2280,0.0,1.0
2016-05-24,18.891,18.9799,18.891,18.964,18.0025,301,0.0,1.0
2016-05-25,19.0304,19.0304,19.0304,19.0304,18.0655,102,0.0,1.0
2016-05-26,19.15,19.15,19.149,19.149,18.1781,995,0.0,1.0
2016-05-27,19.1404,19.22,19.1404,19.22,18.2455,200,0.0,1.0
2016-05-31,19.38,19.39,19.38,19.39,18.4069,496,0.0,1.0
2016-06-01,19.22,19.39,19.22,19.385,18.4021,2899,0.0,1.0
2016-06-02,19.4804,19.4804,19.4804,19.4804,18.4927,104,0.0,1.0
2016-06-03,19.385,19.385,19.385,19.385,18.4021,120,0.0,1.0
2016-06-06,19.6496,19.6496,19.6496,19.6496,18.6533,180,0.0,1.0
2016-06-07,19.75,19.75,19.6648,19.726,18.7258,1261,0.0,1.0
2016-06-08,19.76,19.76,19.76,19.76,18.7581,101,0.0,1.0
2016-06-09,19.6301,19.6699,19.6301,19.6699,18.6726,454,0.0,1.0
2016-06-10,19.3031,19.3031,19.3031,19.3031,18.3244,299,0.0,1.0
2016-06-13,19.5138,19.528,19.39,19.39,18.4069,741,0.0,1.0
2016-06-14,19.292,19.292,19.292,19.292,18.3138,101,0.0,1.0
2016-06-15,19.602,19.602,19.602,19.602,18.6081,104,0.0,1.0
2016-06-16,19.3104,19.45,19.3104,19.45,18.4638,1078,0.0,1.0
2016-06-17,19.501,19.501,19.501,19.501,18.5122,100,0.0,1.0
2016-06-20,19.8595,19.8595,19.8595,19.8595,18.8526,188,0.0,1.0
2016-06-21,19.97,19.97,19.76,19.76,18.7581,606,0.0,1.0
2016-06-22,19.76,19.76,19.76,19.76,18.7581,575,0.0,1.0
2016-06-23,19.64,19.8701,19.64,19.87,18.8625,5639,0.0,1.0
2016-06-24,19.17,19.17,19.0,19.0,18.0366,494,0.0,1.0
2016-06-27,18.31,18.31,18.282,18.282,17.3551,1174,0.0,1.0
2016-06-28,18.63,18.634,18.63,18.634,17.6892,725,0.0,1.0
2016-06-29,18.858,18.996,18.858,18.996,18.0329,1470,0.0,1.0
2016-06-30,19.2104,19.2104,19.2104,19.2104,18.2364,100,0.0,1.0
2016-07-01,19.37,19.37,19.37,19.37,18.3879,147,0.0,1.0
2016-07-05,19.43,19.43,19.43,19.43,18.4448,149,0.0,1.0
2016-07-06,19.07,19.07,18.98,18.98,18.0177,362,0.0,1.0
2016-07-07,19.24,19.28,19.24,19.28,18.3025,710,0.0,1.0
2016-07-08,19.51,19.77,19.51,19.77,18.7676,1325,0.0,1.0
2016-07-11,19.98,20.0368,19.96,19.96,18.948,1026,0.0,1.0
2016-07-12,20.2,20.24,20.2,20.24,19.2138,834,0.0,1.0
2016-07-13,20.38,20.38,20.25,20.2764,19.2483,1349,0.0,1.0
2016-07-14,20.3299,20.3299,20.2998,20.2998,19.2705,2249,0.0,1.0
2016-07-15,20.1404,20.1824,20.1404,20.1824,19.1591,206,0.0,1.0
2016-07-18,20.3001,20.41,20.3001,20.38,19.3467,608,0.0,1.0
2016-07-19,20.2405,20.2405,20.2405,20.2405,19.2143,123,0.0,1.0
2016-07-20,20.418,20.5,20.418,20.5,19.4606,505,0.0,1.0
2016-07-21,20.5199,20.5299,20.4,20.4,19.3657,401,0.0,1.0
2016-07-22,20.422,20.422,20.422,20.422,19.3865,185,0.0,1.0
2016-07-25,20.54,20.54,20.47,20.4701,19.4322,539,0.0,1.0
2016-07-26,20.5801,20.5801,20.5801,20.5801,19.5366,183,0.0,1.0
2016-07-27,20.79,20.8499,20.79,20.8499,19.7928,290,0.0,1.0
2016-07-28,20.6104,20.6104,20.6104,20.6104,19.5654,110,0.0,1.0
2016-07-29,20.73,20.73,20.73,20.73,19.6789,283,0.0,1.0
2016-08-01,20.71,20.776,20.7098,20.776,19.7226,705,0.0,1.0
2016-08-02,20.51,20.58,20.51,20.58,19.5365,987,0.0,1.0
2016-08-03,20.59,20.6699,20.59,20.64,19.5935,1019,0.0,1.0
2016-08-04,20.69,20.69,20.635,20.6599,19.6124,1811,0.0,1.0
2016-08-05,20.953,20.97,20.953,20.97,19.9068,600,0.0,1.0
2016-08-08,21.1,21.1,21.1,21.1,20.0302,104,0.0,1.0
2016-08-09,21.212,21.212,21.146,21.146,20.0738,1458,0.0,1.0
2016-08-10,21.18,21.18,21.028,21.0699,20.0016,3954,0.0,1.0
2016-08-11,21.05,21.33,21.05,21.3052,20.225,4273,0.0,1.0
2016-08-12,21.46,21.46,21.37,21.37,20.2865,596,0.0,1.0
2016-08-15,21.55,21.59,21.53,21.59,20.4953,1826,0.0,1.0
2016-08-16,21.4,21.43,21.4,21.43,20.3434,2343,0.0,1.0
2016-08-17,21.38,21.38,21.3346,21.3346,20.2529,305,0.0,1.0
2016-08-18,21.34,21.46,21.34,21.41,20.3245,2114,0.0,1.0
2016-08-19,21.41,21.48,21.41,21.4799,20.3908,1614,0.0,1.0
2016-08-22,21.5,21.51,21.478,21.5068,20.4163,2795,0.0,1.0
2016-08-23,21.47,21.67,21.47,21.67,20.5713,1121,0.0,1.0
2016-08-24,21.88,21.88,21.6095,21.6095,20.5138,3298,0.0,1.0
2016-08-25,21.72,21.72,21.62,21.71,20.6092,1640,0.0,1.0
2016-08-26,21.7,21.758,21.61,21.61,20.5143,1127,0.0,1.0
2016-08-29,21.7599,21.7599,21.688,21.72,20.6187,1056,0.0,1.0
2016-08-30,21.75,21.76,21.58,21.62,20.5238,2072,0.0,1.0
2016-08-31,21.5,21.5,21.14,21.14,20.0681,1029,0.0,1.0
2016-09-01,21.18,21.18,20.9401,21.0,19.9352,2090,0.0,1.0
2016-09-02,21.2599,21.27,21.1799,21.1799,20.106,848,0.0,1.0
2016-09-06,21.49,21.5399,21.47,21.49,20.4004,1780,0.0,1.0
2016-09-07,21.52,21.52,21.34,21.38,20.296,521,0.0,1.0
2016-09-08,21.33,21.44,21.28,21.44,20.3529,651,0.0,1.0
2016-09-09,21.27,21.27,20.82,20.82,19.7644,3815,0.0,1.0
2016-09-12,20.66,20.66,20.66,20.66,19.6125,243,0.0,1.0
2016-09-13,20.708,20.708,20.696,20.696,19.6467,366,0.0,1.0
2016-09-14,20.6201,20.75,20.6201,20.75,19.6979,396,0.0,1.0
2016-09-15,20.99,21.105,20.99,21.105,20.0349,6429,0.0,1.0
2016-09-16,21.22,21.22,21.1399,21.1399,20.068,735,0.0,1.0
2016-09-19,21.3,21.37,21.3,21.37,20.2865,2291,0.0,1.0
2016-09-20,21.2199,21.2299,21.2199,21.22,20.1441,596,0.0,1.0
2016-09-21,21.3204,21.3204,21.3204,21.3204,20.2394,200,0.0,1.0
2016-09-22,21.66,21.69,21.66,21.69,20.5903,439,0.0,1.0
2016-09-23,21.66,21.66,21.6,21.62,20.5238,541,0.0,1.0
2016-09-26,21.6,21.6544,21.6,21.63,20.5333,531,0.0,1.0
2016-09-27,21.7299,21.7443,21.71,21.71,20.6092,592,0.0,1.0
2016-09-28,22.0,22.041,22.0,22.041,20.9235,1283,0.0,1.0
2016-09-29,22.16,22.16,22.034,22.04,20.9225,435,0.0,1.0
2016-09-30,22.3701,22.3701,22.3701,22.3701,21.2359,217,0.0,1.0
2016-10-03,23.03,23.03,22.3141,22.32,21.1883,1652,0.0,1.0
2016-10-04,22.38,22.4,22.3,22.3,21.1693,2266,0.0,1.0
2016-10-05,22.49,22.49,22.49,22.49,21.3497,289,0.0,1.0
2016-10-06,22.33,22.33,22.23,22.275,21.1456,1207,0.0,1.0
2016-10-07,22.1764,22.1764,21.9742,21.9742,20.86,1334,0.0,1.0
2016-10-10,22.25,22.25,22.1766,22.1766,21.0522,553,0.0,1.0
2016-10-11,21.8079,21.8079,21.7967,21.8,20.6947,1602,0.0,1.0
2016-10-12,21.644,21.644,21.5744,21.5744,20.4805,1021,0.0,1.0
2016-10-13,21.19,21.38,21.19,21.38,20.296,681,0.0,1.0
2016-10-14,21.31,21.44,21.2913,21.2913,20.2118,831,0.0,1.0
2016-10-17,21.12,21.22,21.12,21.1899,20.1155,990,0.0,1.0
2016-10-18,21.48,21.48,21.23,21.23,20.1536,1635,0.0,1.0
2016-10-19,21.3742,21.3742,21.35,21.36,20.277,1646,0.0,1.0
2016-10-20,21.4,21.4,21.24,21.24,20.1631,928,0.0,1.0
2016-10-21,21.19,21.25,21.07,21.25,20.1726,1490,0.0,1.0
2016-10-24,21.44,21.44,21.4252,21.4252,20.3389,2798,0.0,1.0
2016-10-25,21.54,21.54,21.2452,21.25,20.1726,1811,0.0,1.0
2016-10-26,21.2833,21.2833,21.2833,21.2833,20.2042,158,0.0,1.0
2016-10-27,21.3,21.3,21.0,21.0,19.9352,668,0.0,1.0
2016-10-28,20.87,21.024,20.87,20.87,19.8118,1634,0.0,1.0
2016-10-31,20.7999,20.81,20.79,20.79,19.7359,2533,0.0,1.0
2016-11-01,20.8,20.8,20.439,20.5,19.4606,2622,0.0,1.0
2016-11-02,20.15,20.1832,20.15,20.1832,19.1599,555,0.0,1.0
2016-11-03,20.242,20.242,20.226,20.226,19.2005,314,0.0,1.0
2016-11-04,20.2899,20.2899,20.2899,20.2899,19.2611,610,0.0,1.0
2016-11-07,20.2899,20.2899,20.2899,20.2899,19.2611,25,0.0,1.0
2016-11-08,20.544,20.6132,20.544,20.6132,19.5681,207,0.0,1.0
2016-11-09,20.65,20.7,20.4804,20.7,19.6505,18837,0.0,1.0
2016-11-10,21.0994,21.0994,21.0994,21.0994,20.0296,320,0.0,1.0
2016-11-11,21.3005,21.3005,21.3005,21.3005,20.2205,200,0.0,1.0
2016-11-14,21.68,21.68,21.318,21.3599,20.2769,914,0.0,1.0
2016-11-15,21.27,21.36,21.23,21.36,20.277,1323,0.0,1.0
2016-11-16,21.5474,21.55,21.5474,21.55,20.4574,284,0.0,1.0
2016-11-17,21.7501,21.76,21.7501,21.76,20.6567,363,0.0,1.0
2016-11-18,21.7333,21.74,21.7074,21.71,20.6092,2061,0.0,1.0
2016-11-21,21.62,21.7465,21.62,21.73,20.6282,1985,0.0,1.0
2016-11-22,21.89,21.9464,21.8746,21.9464,20.8337,2261,0.0,1.0
2016-11-23,21.9,22.09,21.9,22.09,20.97,549,0.0,1.0
2016-11-25,22.09,22.09,22.09,22.09,20.97,31,0.0,1.0
2016-11-28,22.22,22.22,21.95,21.95,20.8371,1699,0.0,1.0
2016-11-29,21.89,21.89,21.75,21.78,20.6757,1104,0.0,1.0
2016-11-30,21.5466,21.5466,21.5466,21.5466,20.4541,244,0.0,1.0
2016-12-01,21.11,21.11,21.0553,21.0553,19.9877,1260,0.0,1.0
2016-12-02,21.03,21.03,20.9801,20.9801,19.9164,657,0.0,1.0
2016-12-05,21.32,21.32,21.32,21.32,20.239,255,0.0,1.0
2016-12-06,21.8,21.8,21.618,21.7601,20.6568,1700,0.0,1.0
2016-12-07,21.6804,21.6804,21.6804,21.6804,20.5811,101,0.0,1.0
2016-12-08,22.3304,22.3304,22.31,22.318,21.1864,827,0.0,1.0
2016-12-09,22.3246,22.33,22.2765,22.2765,21.147,2722,0.0,1.0
2016-12-12,22.18,22.18,22.054,22.12,20.9985,1441,0.0,1.0
2016-12-13,22.32,22.428,22.32,22.41,21.2738,2018,0.0,1.0
2016-12-14,22.4,22.4,22.4,22.4,21.2643,3317,0.0,1.0
2016-12-15,22.32,22.3699,22.32,22.355,21.2215,1532,0.0,1.0
2016-12-16,22.38,22.42,22.324,22.35,21.2168,2679,0.0,1.0
2016-12-19,22.45,22.45,22.35,22.42,21.2832,1981,0.0,1.0
2016-12-20,22.53,22.53,22.4153,22.45,21.3117,2748,0.0,1.0
2016-12-21,22.5,22.5,22.3804,22.3804,21.2457,492,0.0,1.0
2016-12-22,22.47,22.47,22.194,22.194,21.0687,783,0.0,1.0
2016-12-23,22.39,22.39,22.39,22.39,21.2548,260,0.0,1.0
2016-12-27,22.64,22.7341,22.64,22.7173,21.5655,1926,0.0,1.0
2016-12-28,22.71,22.71,22.29,22.29,21.1598,2642,0.0,1.0
2016-12-29,22.07,22.07,22.06,22.0652,20.9464,664,0.0,1.0
2016-12-30,22.13,22.13,21.9629,21.9629,20.8493,22781,0.0,1.0
2017-01-03,22.16,22.34,21.98,22.24,21.1124,3979,0.0,1.0
2017-01-04,22.41,22.66,22.41,22.65,21.5016,2137,0.0,1.0
2017-01-05,22.57,22.67,22.39,22.49,21.3497,2608,0.0,1.0
2017-01-06,22.59,22.68,22.55,22.65,21.5016,7535,0.0,1.0
2017-01-09,22.78,22.95,22.74,22.9,21.7389,5039,0.0,1.0
2017-01-10,22.96,23.0129,22.8802,22.92,21.7579,1940,0.0,1.0
2017-01-11,23.0,23.0,22.87,22.91,21.7484,2373,0.0,1.0
2017-01-12,22.8257,22.9014,22.8257,22.9014,21.7402,251,0.0,1.0
2017-01-13,23.06,23.235,23.06,23.21,22.0332,1155,0.0,1.0
2017-01-17,23.32,23.32,22.9,22.92,21.7579,4671,0.0,1.0
2017-01-18,23.05,23.05,22.95,22.99,21.8243,6996,0.0,1.0
2017-01-19,23.236,23.2799,23.1,23.14,21.9667,18502,0.0,1.0
2017-01-20,23.3399,23.3399,23.1544,23.22,22.0427,31022,0.0,1.0
2017-01-23,23.27,23.27,22.9466,23.08,21.9098,11195,0.0,1.0
2017-01-24,23.29,23.39,23.2328,23.39,22.2041,4555,0.0,1.0
2017-01-25,23.7,23.75,23.64,23.6904,22.4892,5278,0.0,1.0
2017-01-26,23.91,23.91,23.52,23.57,22.3749,9371,0.0,1.0
2017-01-27,23.58,23.58,23.46,23.56,22.3654,14236,0.0,1.0
2017-01-30,23.57,23.57,23.15,23.34,22.1566,5116,0.0,1.0
2017-01-31,23.28,23.37,23.24,23.3699,22.185,2614,0.0,1.0
2017-02-01,23.67,23.67,23.3928,23.406,22.2193,2974,0.0,1.0
2017-02-02,23.4,23.6,23.4,23.5144,22.3222,15238,0.0,1.0
2017-02-03,23.79,23.79,23.6345,23.708,22.5059,1612,0.0,1.0
2017-02-06,23.65,23.72,23.65,23.69,22.4889,3104,0.0,1.0
2017-02-07,23.812,23.812,23.6901,23.72,22.5173,3325,0.0,1.0
2017-02-08,23.67,23.85,23.67,23.85,22.6407,9099,0.0,1.0
2017-02-09,24.2546,24.409,24.2546,24.34,23.1059,16886,0.0,1.0
2017-02-10,24.51,24.51,24.3402,24.409,23.1714,14061,0.0,1.0
2017-02-13,24.72,24.72,24.5033,24.59,23.3432,21147,0.0,1.0
2017-02-14,24.54,24.63,24.5102,24.58,23.3337,12081,0.0,1.0
2017-02-15,24.62,24.62,24.53,24.595,23.348,6118,0.0,1.0
2017-02-16,24.7,24.7,24.266,24.3299,23.0963,20432,0.0,1.0
2017-02-17,24.25,24.43,24.1601,24.42,23.1818,9489,0.0,1.0
2017-02-21,24.7,24.7,24.5725,24.5917,23.3448,6517,0.0,1.0
2017-02-22,24.8,24.8,24.55,24.59,23.3432,8190,0.0,1.0
2017-02-23,24.6,24.6,24.0696,24.09,22.8686,12554,0.0,1.0
2017-02-24,23.97,24.03,23.6837,24.0,22.7831,6046,0.0,1.0
2017-02-27,24.0,24.14,23.91,24.0972,22.8754,9081,0.0,1.0
2017-02-28,24.22,24.22,23.81,23.8102,22.603,9182,0.0,1.0
2017-03-01,24.09,24.2238,24.0496,24.21,22.9825,4525,0.0,1.0
2017-03-02,24.28,24.28,23.95,23.99,22.7736,21263,0.0,1.0
2017-03-03,23.7816,23.7816,23.66,23.7498,22.5456,3303,0.0,1.0
2017-03-06,23.81,23.81,23.55,23.63,22.4319,3664,0.0,1.0
2017-03-07,23.79,23.79,23.57,23.59,22.3939,5187,0.0,1.0
2017-03-08,23.75,23.78,23.62,23.67,22.4699,12844,0.0,1.0
2017-03-09,23.65,23.65,23.33,23.38,22.1946,16997,0.0,1.0
2017-03-10,23.4552,23.4802,23.4417,23.45,22.261,5519,0.0,1.0
2017-03-13,23.6855,23.799,23.6855,23.7587,22.5541,5183,0.0,1.0
2017-03-14,23.69,23.78,23.67,23.7498,22.5456,2838,0.0,1.0
2017-03-15,23.9,24.1,23.9,24.1,22.8781,2803,0.0,1.0
2017-03-16,24.1,24.2466,24.1,24.215,22.9872,1745,0.0,1.0
2017-03-17,24.3001,24.45,24.3001,24.4364,23.1974,3876,0.0,1.0
2017-03-20,24.39,24.45,24.3501,24.4199,23.1817,24131,0.0,1.0
2017-03-21,24.49,24.5112,23.7598,23.7598,22.5551,8442,0.0,1.0
2017-03-22,23.64,23.78,23.64,23.756,22.5515,5015,0.0,1.0
2017-03-23,23.78,23.935,23.7419,23.935,22.7214,2823,0.0,1.0
2017-03-24,24.05,24.13,23.9597,24.01,22.7926,10234,0.0,1.0
2017-03-27,24.01,24.14,23.7004,24.13,22.9065,9038,0.0,1.0
2017-03-28,24.3,24.3357,24.18,24.29,23.0584,32908,0.0,1.0
2017-03-29,24.27,24.485,24.27,24.4664,23.2259,7804,0.0,1.0
2017-03-30,24.54,24.59,24.54,24.589,23.3423,4487,0.0,1.0
2017-03-31,24.67,24.72,24.5864,24.67,23.4192,17621,0.0,1.0
2017-04-03,24.89,24.89,24.6054,24.74,23.4856,10350,0.0,1.0
2017-04-04,24.69,24.7,24.5568,24.58,23.3337,6406,0.0,1.0
2017-04-05,24.66,24.7799,24.4,24.4,23.1629,3146,0.0,1.0
2017-04-06,24.33,24.59,24.33,24.59,23.3432,4778,0.0,1.0
2017-04-07,24.56,24.66,24.49,24.66,23.4097,4293,0.0,1.0
2017-04-10,24.86,24.865,24.7463,24.75,23.4951,10767,0.0,1.0
2017-04-11,24.72,24.78,24.56,24.7429,23.4884,4829,0.0,1.0
2017-04-12,24.9,24.9,24.519,24.519,23.2758,5495,0.0,1.0
2017-04-13,24.52,24.54,24.35,24.4099,23.1723,9321,0.0,1.0
2017-04-17,24.55,24.568,24.45,24.568,23.3223,7960,0.0,1.0
2017-04-18,24.74,24.92,24.72,24.92,23.6565,5608,0.0,1.0
2017-04-19,25.15,25.25,25.07,25.0965,23.824,35732,0.0,1.0
2017-04-20,25.24,25.51,25.24,25.475,24.1833,17805,0.0,1.0
2017-04-21,25.5,25.5,25.29,25.3062,24.0231,16488,0.0,1.0
2017-04-24,25.81,25.81,25.57,25.64,24.34,20462,0.0,1.0
2017-04-25,25.95,26.04,25.759,26.04,24.7197,28082,0.0,1.0
2017-04-26,26.11,26.32,25.97,26.24,24.9096,66794,0.0,1.0
2017-04-27,26.39,26.5599,26.39,26.48,25.1374,16188,0.0,1.0
2017-04-28,26.73,26.73,26.46,26.5005,25.1569,202274,0.0,1.0
2017-05-01,26.77,26.91,26.5965,26.84,25.4791,19216,0.0,1.0
2017-05-02,26.8496,26.8496,26.6374,26.73,25.3747,29031,0.0,1.0
2017-05-03,26.83,26.83,26.5699,26.6529,25.3015,6405,0.0,1.0
2017-05-04,26.74,26.77,26.4,26.51,25.1659,20174,0.0,1.0
2017-05-05,26.59,26.85,26.52,26.85,25.4886,21599,0.0,1.0
2017-05-08,27.03,27.03,26.86,26.9164,25.5517,18526,0.0,1.0
2017-05-09,26.95,27.32,26.95,27.28,25.8968,58334,0.0,1.0
2017-05-10,27.5,27.94,27.46,27.94,26.5234,40664,0.0,1.0
2017-05-11,27.89,28.34,27.78,28.3184,26.8826,21589,0.0,1.0
2017-05-12,28.43,28.47,28.1377,28.42,26.979,65989,0.0,1.0
2017-05-15,28.54,28.54,28.19,28.43,26.9885,118922,0.0,1.0
2017-05-16,28.39,28.73,28.12,28.72,27.2638,59256,0.0,1.0
2017-05-17,28.5,28.5,27.61,27.61,26.2101,55691,0.0,1.0
2017-05-18,27.57,28.02,27.252,27.97,26.5518,40024,0.0,1.0
2017-05-19,28.19,28.43,28.19,28.27,26.8366,47159,0.0,1.0
2017-05-22,28.53,28.65,28.36,28.64,27.1879,110947,0.0,1.0
2017-05-23,28.79,28.81,28.31,28.39,26.9506,93561,0.0,1.0
2017-05-24,28.47,28.5,28.37,28.47,27.0265,56828,0.0,1.0
2017-05-25,28.62,28.74,28.5072,28.73,27.2733,73881,0.0,1.0
2017-05-26,28.75,28.79,28.52,28.76,27.3018,160345,0.0,1.0
2017-05-30,28.74,28.87,28.6828,28.71,27.2543,48610,0.0,1.0
2017-05-31,28.71,28.89,28.385,28.7,27.2448,30770,0.0,1.0
2017-06-01,28.7,29.07,28.7,29.07,27.5961,62620,0.0,1.0
2017-06-02,29.16,29.36,29.06,29.31,27.8239,46403,0.0,1.0
2017-06-05,29.39,29.39,29.1271,29.34,27.8524,30912,0.0,1.0
2017-06-06,29.26,29.445,29.2,29.28,27.7954,37601,0.0,1.0
2017-06-07,29.39,29.4389,29.1501,29.32,27.8334,44567,0.0,1.0
2017-06-08,29.41,29.78,29.3701,29.75,28.2416,40804,0.0,1.0
2017-06-09,29.93,30.01,28.35,28.77,27.3113,99193,0.0,1.0
2017-06-12,28.6,28.653,28.0406,28.5,27.055,61358,0.0,1.0
2017-06-13,28.71,28.8712,28.5,28.86,27.3967,33045,0.0,1.0
2017-06-14,29.0,29.0,28.5068,28.74,27.2828,41866,0.0,1.0
2017-06-15,28.35,28.683,28.26,28.6299,27.1783,36449,0.0,1.0
2017-06-16,28.74,28.78,28.5569,28.5569,27.109,32739,0.0,1.0
2017-06-19,28.95,29.1,28.8636,29.09,27.6151,34062,0.0,1.0
2017-06-20,29.28,29.28,28.82,28.84,27.3777,26706,0.0,1.0
2017-06-21,28.79,29.03,28.79,29.02,27.5486,23136,0.0,1.0
2017-06-22,29.13,29.3,28.96,29.21,27.729,28436,0.0,1.0
2017-06-23,29.13,29.35,29.13,29.27,27.7859,26025,0.0,1.0
2017-06-26,29.23,29.44,28.617,28.78,27.3208,58722,0.0,1.0
2017-06-27,28.79,28.79,28.295,28.33,26.8936,61408,0.0,1.0
2017-06-28,28.53,28.72,28.1877,28.71,27.2543,14483,0.0,1.0
2017-06-29,28.7,28.7,27.88,28.18,26.7512,35626,0.0,1.0
2017-06-30,28.13,28.3999,28.05,28.12,26.6942,34103,0.0,1.0
2017-07-03,28.19,28.28,27.866,27.91,26.4949,16503,0.0,1.0
2017-07-05,28.0,28.0721,27.78,28.02,26.5993,27041,0.0,1.0
2017-07-06,27.78,27.87,27.57,27.63,26.2291,22982,0.0,1.0
2017-07-07,27.78,28.0,27.78,27.96,26.5424,10681,0.0,1.0
2017-07-10,28.0,28.37,27.95,28.32,26.8841,13819,0.0,1.0
2017-07-11,28.27,28.7,28.251,28.7,27.2448,22618,0.0,1.0
2017-07-12,28.9,29.1466,28.9,29.14,27.6625,25068,0.0,1.0
2017-07-13,29.12,29.15,28.8536,28.96,27.4916,75959,0.0,1.0
2017-07-14,29.02,29.2,28.92,29.192,27.7119,22641,0.0,1.0
2017-07-17,29.31,29.31,28.9701,29.04,27.5676,22150,0.0,1.0
2017-07-18,29.0,29.22,28.955,29.22,27.7385,11694,0.0,1.0
2017-07-19,29.33,29.41,29.22,29.37,27.8809,22044,0.0,1.0
2017-07-20,29.39,29.39,29.22,29.36,27.8714,17620,0.0,1.0
2017-07-21,29.34,29.47,29.1992,29.45,27.9568,21012,0.0,1.0
2017-07-24,29.5,29.74,29.5,29.73,28.2226,21209,0.0,1.0
2017-07-25,29.99,29.99,29.635,29.8964,28.3806,21653,0.0,1.0
2017-07-26,30.0,30.15,29.8801,30.01,28.4884,24727,0.0,1.0
2017-07-27,30.09,30.16,29.3,29.64,28.1372,45652,0.0,1.0
2017-07-28,29.64,29.88,29.64,29.85,28.3365,14373,0.0,1.0
2017-07-31,29.99,29.99,29.527,29.63,28.1277,23908,0.0,1.0
2017-08-01,29.94,29.94,29.55,29.59,28.0897,27554,0.0,1.0
2017-08-02,29.53,29.635,29.11,29.385,27.8951,28094,0.0,1.0
2017-08-03,29.45,29.4999,29.34,29.4564,27.9629,21763,0.0,1.0
2017-08-04,29.58,29.58,29.4,29.4889,27.9937,15348,0.0,1.0
2017-08-07,29.75,29.78,29.5601,29.676,28.1713,20500,0.0,1.0
2017-08-08,29.6,29.969,29.6,29.67,28.1657,23328,0.0,1.0
2017-08-09,29.47,29.65,29.3358,29.4899,27.9947,21456,0.0,1.0
2017-08-10,29.34,29.43,28.74,28.77,27.3113,32877,0.0,1.0
2017-08-11,28.7,28.98,28.54,28.98,27.5106,27039,0.0,1.0
2017-08-14,29.66,29.66,29.02,29.609,28.1077,22291,0.0,1.0
2017-08-15,29.89,29.89,29.33,29.371,27.8818,21162,0.0,1.0
2017-08-16,29.5,29.55,29.321,29.37,27.8809,23436,0.0,1.0
2017-08-17,29.27,29.3304,28.798,28.798,27.3379,20497,0.0,1.0
2017-08-18,28.94,28.94,28.53,28.67,27.2164,41442,0.0,1.0
2017-08-21,28.83,28.83,28.3505,28.57,27.1214,16069,0.0,1.0
2017-08-22,28.76,29.15,28.76,29.15,27.672,19697,0.0,1.0
2017-08-23,29.13,29.3,28.9782,29.278,27.7935,15545,0.0,1.0
2017-08-24,29.29,29.29,29.14,29.2399,27.7574,10117,0.0,1.0
2017-08-25,29.45,29.45,29.205,29.2246,27.7428,15466,0.0,1.0
2017-08-28,29.27,29.27,29.09,29.24,27.7575,20011,0.0,1.0
2017-08-29,29.04,29.48,28.96,29.45,27.9568,24681,0.0,1.0
2017-08-30,29.72,30.01,29.5556,30.0,28.4789,27494,0.0,1.0
2017-08-31,30.25,30.39,30.2499,30.36,28.8207,37404,0.0,1.0
2017-09-01,30.5,30.5,30.195,30.34,28.8017,44630,0.0,1.0
2017-09-05,30.08,30.2,29.807,30.0233,28.501,20335,0.0,1.0
2017-09-06,30.33,30.33,29.8052,30.08,28.5549,21717,0.0,1.0
2017-09-07,30.01,30.34,30.01,30.27,28.7352,11762,0.0,1.0
2017-09-08,30.3,30.3,29.9057,29.965,28.4457,10858,0.0,1.0
2017-09-11,30.12,30.6,30.12,30.58,29.0295,26277,0.0,1.0
2017-09-12,30.78,30.84,30.6781,30.82,29.2573,23454,0.0,1.0
2017-09-13,30.85,30.86,30.58,30.78,29.2194,14534,0.0,1.0
2017-09-14,30.8,30.95,30.6422,30.9,29.3333,31175,0.0,1.0
2017-09-15,30.89,31.26,30.89,31.26,29.675,55185,0.0,1.0
2017-09-18,31.59,31.77,31.47,31.66,30.0548,67581,0.0,1.0
2017-09-19,31.8,31.8,31.51,31.65,30.0453,26562,0.0,1.0
2017-09-20,31.75,31.7707,31.5222,31.72,30.1117,29120,0.0,1.0
2017-09-21,31.81,31.81,31.35,31.469,29.8734,32326,0.0,1.0
2017-09-22,31.36,31.53,31.22,31.35,29.7605,15821,0.0,1.0
2017-09-25,31.37,31.37,30.78,30.84,29.2763,26131,0.0,1.0
2017-09-26,30.82,31.239,30.82,31.0221,29.4492,13269,0.0,1.0
2017-09-27,31.22,31.63,31.2,31.54,29.9408,25182,0.0,1.0
2017-09-28,31.53,31.53,31.3,31.48,29.8839,18313,0.0,1.0
2017-09-29,31.39,31.849,31.39,31.83,30.2161,24937,0.0,1.0
2017-10-02,32.01,32.2,31.8501,32.19,30.5579,38576,0.0,1.0
2017-10-03,32.29,32.34,32.111,32.34,30.7003,15458,0.0,1.0
2017-10-04,32.47,32.519,32.25,32.37,30.7288,29703,0.0,1.0
2017-10-05,32.57,32.639,32.3243,32.62,30.9661,13211,0.0,1.0
2017-10-06,32.62,32.629,32.431,32.5962,30.9435,27054,0.0,1.0
2017-10-09,32.79,32.79,32.54,32.5656,30.9144,34795,0.0,1.0
2017-10-10,32.8,32.8,32.51,32.55,30.8996,86887,0.0,1.0
2017-10-11,32.66,32.73,32.501,32.63,30.9756,76077,0.0,1.0
2017-10-12,32.74,32.835,32.562,32.7,31.042,54067,0.0,1.0
2017-10-13,32.91,32.91,32.52,32.69,31.0325,31905,0.0,1.0
2017-10-16,32.84,32.84,32.67,32.68,31.023,24063,0.0,1.0
2017-10-17,32.67,32.76,32.56,32.59,30.9376,42313,0.0,1.0
2017-10-18,32.85,32.955,32.6071,32.88,31.2129,30118,0.0,1.0
2017-10-19,32.8,32.8,32.16,32.34,30.7003,45418,0.0,1.0
2017-10-20,32.55,32.995,32.55,32.9,31.2319,28157,0.0,1.0
2017-10-23,33.0,33.0,32.5,32.5584,30.9076,34584,0.0,1.0
2017-10-24,32.78,32.95,32.66,32.83,31.1654,32707,0.0,1.0
2017-10-25,32.86,32.86,32.19,32.42,30.7762,27166,0.0,1.0
2017-10-26,32.66,32.749,32.554,32.73,31.0705,18164,0.0,1.0
2017-10-27,32.86,33.0696,32.76,33.03,31.3553,47416,0.0,1.0
2017-10-30,32.92,33.13,32.85,32.93,31.2604,27704,0.0,1.0
2017-10-31,33.16,33.52,33.0925,33.48,31.7825,58106,0.0,1.0
2017-11-01,33.69,33.69,32.96,33.06,31.3838,38904,0.0,1.0
2017-11-02,32.92,32.92,32.56,32.77,31.1085,31708,0.0,1.0
2017-11-03,32.91,33.246,32.8098,33.24,31.5546,45149,0.0,1.0
2017-11-06,33.21,33.46,33.2047,33.46,31.7635,19401,0.0,1.0
2017-11-07,33.5,33.679,33.33,33.48,31.7825,36453,0.0,1.0
2017-11-08,33.49,33.49,33.151,33.45,31.754,21084,0.0,1.0
2017-11-09,33.05,33.0873,32.64,32.94,31.2699,43061,0.0,1.0
2017-11-10,33.0,33.139,32.86,32.96,31.2888,22068,0.0,1.0
2017-11-13,32.88,33.17,32.691,33.16,31.4787,37301,0.0,1.0
2017-11-14,33.15,33.62,32.92,33.11,31.4312,51719,0.0,1.0
2017-11-15,32.81,32.85,32.501,32.79,31.1275,31598,0.0,1.0
2017-11-16,33.0,33.46,33.0,33.36,31.6686,23466,0.0,1.0
2017-11-17,33.43,33.59,33.4101,33.51,31.811,25269,0.0,1.0
2017-11-20,33.69,33.74,33.6116,33.72,32.0103,36405,0.0,1.0
2017-11-21,33.89,34.47,33.8277,34.45,32.7033,202914,0.0,1.0
2017-11-22,34.6,34.61,34.311,34.38,32.6368,35877,0.0,1.0
2017-11-24,34.41,34.55,34.4,34.55,32.7982,13995,0.0,1.0
2017-11-27,34.83,34.83,34.55,34.72,32.9596,53896,0.0,1.0
2017-11-28,34.96,35.02,34.7556,34.98,33.2064,50005,0.0,1.0
2017-11-29,35.09,35.09,33.7892,34.01,32.2856,70212,0.0,1.0
2017-11-30,34.11,34.15,33.9,34.05,32.3236,49464,0.0,1.0
2017-12-01,34.09,34.09,33.21,33.84,32.1242,49196,0.0,1.0
2017-12-04,34.27,34.27,33.1297,33.17,31.4882,73292,0.0,1.0
2017-12-05,33.0,33.4405,32.95,33.13,31.4502,28412,0.0,1.0
2017-12-06,33.32,33.33,33.05,33.18,31.4977,42714,0.0,1.0
2017-12-07,33.3,33.8308,33.3,33.61,31.9059,45931,0.0,1.0
2017-12-08,33.89,33.89,33.39,33.44,31.7445,55272,0.0,1.0
2017-12-11,33.45,33.689,33.45,33.6,31.8964,27086,0.0,1.0
2017-12-12,33.92,34.046,33.66,33.8401,32.1243,61726,0.0,1.0
2017-12-13,33.94,34.3199,33.94,34.054,32.3274,29217,0.0,1.0
2017-12-14,34.3,34.35,33.9008,33.926,32.2059,50872,0.0,1.0
2017-12-15,34.36,34.6,33.96,34.6,32.8457,49366,0.0,1.0
2017-12-18,35.16,35.36,35.0,35.34,33.5482,73484,0.0,1.0
2017-12-19,35.09,35.38,34.73,34.87,33.102,57492,0.0,1.0
2017-12-20,34.6,34.96,34.31,34.42,32.6748,42932,0.0,1.0
2017-12-21,34.22,34.56,33.94,33.95,32.2286,49791,0.0,1.0
2017-12-22,33.74,33.8288,33.4,33.75,32.0388,41378,0.0,1.0
2017-12-26,34.12,34.12,33.65,33.84,32.1242,23898,0.0,1.0
2017-12-27,33.45,33.51,33.13,33.18,32.2481,30610,0.7905,1.0
2017-12-28,33.02,33.2325,33.02,33.09,32.1606,55909,0.0,1.0
2017-12-29,33.47,33.47,32.89,32.94,32.0148,108128,0.0,1.0
2018-01-02,33.32,33.74,33.0913,33.74,32.7924,101793,0.0,1.0
2018-01-03,34.01,34.282,33.995,34.225,33.2637,68389,0.0,1.0
2018-01-04,34.5,34.5114,34.221,34.35,33.3852,42424,0.0,1.0
2018-01-05,34.76,34.78,34.53,34.7799,33.8031,43064,0.0,1.0
2018-01-08,34.84,35.25,34.7,35.21,34.2211,53192,0.0,1.0
2018-01-09,35.35,35.41,35.044,35.3,34.3086,43145,0.0,1.0
2018-01-10,35.08,35.1771,34.84,35.1125,34.1263,68942,0.0,1.0
2018-01-11,35.3,35.53,35.15,35.5,34.5029,41200,0.0,1.0
2018-01-12,35.68,36.049,35.64,35.964,34.9539,98320,0.0,1.0
2018-01-16,36.47,36.5852,35.531,35.82,34.8139,155530,0.0,1.0
2018-01-17,36.1,36.17,35.761,36.13,35.1152,73663,0.0,1.0
2018-01-18,35.93,36.12,35.79,35.91,34.9014,54111,0.0,1.0
2018-01-19,35.99,36.2454,35.99,36.21,35.193,68875,0.0,1.0
2018-01-22,36.27,36.47,36.03,36.47,35.4457,76425,0.0,1.0
2018-01-23,36.58,36.8199,36.52,36.67,35.6401,80847,0.0,1.0
2018-01-24,36.68,36.9,36.14,36.39,35.3679,108058,0.0,1.0
2018-01-25,36.48,36.69,36.08,36.14,35.125,73585,0.0,1.0
2018-01-26,36.28,36.7355,36.28,36.72,35.6887,56153,0.0,1.0
2018-01-29,36.72,36.72,36.291,36.48,35.4554,56825,0.0,1.0
2018-01-30,36.03,36.153,35.75,35.99,34.9792,58126,0.0,1.0
2018-01-31,36.22,36.26,35.89,36.09,35.0764,67634,0.0,1.0
2018-02-01,35.78,36.17,35.75,35.814,34.8081,41189,0.0,1.0
2018-02-02,35.5,35.7,34.79,34.79,33.8129,99642,0.0,1.0
2018-02-05,34.49,34.9439,33.354,33.55,32.6077,105348,0.0,1.0
2018-02-06,32.7,34.14,31.9204,34.091,33.1335,110648,0.0,1.0
2018-02-07,34.18,34.5294,34.0,34.18,33.22,45239,0.0,1.0
2018-02-08,34.24,34.419,32.611,32.611,31.6951,62737,0.0,1.0
2018-02-09,33.01,33.208,31.67,32.8,31.8788,72570,0.0,1.0
2018-02-12,33.19,33.67,32.98,33.41,32.4716,51907,0.0,1.0
2018-02-13,33.54,33.7191,33.3283,33.65,32.7049,20931,0.0,1.0
2018-02-14,33.67,34.45,33.55,34.4,33.4338,36205,0.0,1.0
2018-02-15,34.82,35.07,34.532,35.07,34.085,44691,0.0,1.0
2018-02-16,35.15,35.27,34.791,34.94,33.9587,29440,0.0,1.0
2018-02-20,34.94,35.31,34.8,34.9898,34.0071,32021,0.0,1.0
2018-02-21,35.34,35.5,34.99,35.0,34.017,31139,0.0,1.0
2018-02-22,35.26,35.36,34.9769,35.13,34.1433,18520,0.0,1.0
2018-02-23,35.26,35.5,35.22,35.47,34.4738,32795,0.0,1.0
2018-02-26,35.6,35.99,35.5243,35.99,34.9792,48230,0.0,1.0
2018-02-27,35.92,36.08,35.5,35.5,34.5029,40610,0.0,1.0
2018-02-28,35.69,35.69,34.54,34.57,33.5991,44980,0.0,1.0
2018-03-01,34.51,34.54,33.7835,34.13,33.1714,50678,0.0,1.0
2018-03-02,33.56,34.77,33.351,34.73,33.7546,161093,0.0,1.0
2018-03-05,34.54,35.31,34.33,35.2,34.2114,149344,0.0,1.0
2018-03-06,35.51,35.67,35.31,35.63,34.6293,35115,0.0,1.0
2018-03-07,35.42,35.7432,35.3221,35.74,34.7362,56340,0.0,1.0
2018-03-08,35.87,35.99,35.6872,35.99,34.9792,33487,0.0,1.0
2018-03-09,36.24,36.42,36.04,36.3899,35.3678,57554,0.0,1.0
2018-03-12,36.51,36.94,36.51,36.79,35.7567,103894,0.0,1.0
2018-03-13,37.14,37.14,36.21,36.34,35.3193,46311,0.0,1.0
2018-03-14,36.48,36.4985,36.103,36.21,35.193,26150,0.0,1.0
2018-03-15,36.38,36.55,36.0354,36.23,35.2124,23015,0.0,1.0
2018-03-16,36.19,36.19,35.9701,36.0765,35.0632,14051,0.0,1.0
2018-03-19,35.8,35.815,35.01,35.4,34.4057,41918,0.0,1.0
2018-03-20,35.3,35.6448,35.3,35.59,34.5904,21420,0.0,1.0
2018-03-21,35.59,35.82,35.36,35.51,34.5127,40083,0.0,1.0
2018-03-22,35.08,35.18,34.3967,34.45,33.4824,59322,0.0,1.0
2018-03-23,34.36,34.55,33.43,33.43,32.4911,49548,0.0,1.0
2018-03-26,34.04,34.34,33.5,34.33,33.3658,37607,0.0,1.0
2018-03-27,34.55,34.55,32.83,33.04,32.112,44483,0.0,1.0
2018-03-28,32.94,32.94,32.09,32.19,31.2859,61843,0.0,1.0
2018-03-29,32.48,33.08,32.0211,32.86,31.9371,35479,0.0,1.0
2018-04-02,32.66,32.66,31.6,31.85,30.9554,48573,0.0,1.0
2018-04-03,32.19,32.38,31.861,32.21,31.3053,19990,0.0,1.0
2018-04-04,31.39,32.77,31.08,32.7,31.7816,41672,0.0,1.0
2018-04-05,33.0,33.35,32.891,33.12,32.1898,42433,0.0,1.0
2018-04-06,32.61,32.9899,32.1899,32.4348,31.5238,25556,0.0,1.0
2018-04-09,32.53,33.0334,32.53,32.6068,31.691,29474,0.0,1.0
2018-04-10,33.05,33.439,32.9369,33.325,32.389,22025,0.0,1.0
2018-04-11,33.21,33.6743,33.21,33.33,32.3939,30432,0.0,1.0
2018-04-12,33.58,33.81,33.4924,33.6,32.6563,20763,0.0,1.0
2018-04-13,33.97,33.97,33.35,33.61,32.666,13673,0.0,1.0
2018-04-16,34.1,34.1,33.43,33.69,32.7438,8085,0.0,1.0
2018-04-17,33.76,34.27,33.71,34.235,33.2735,38162,0.0,1.0
2018-04-18,34.3,34.55,34.19,34.43,33.463,37168,0.0,1.0
2018-04-19,34.24,34.24,33.92,34.06,33.1034,8691,0.0,1.0
2018-04-20,34.16,34.16,33.58,33.76,32.8118,30715,0.0,1.0
2018-04-23,33.91,33.91,33.2079,33.33,32.3939,12039,0.0,1.0
2018-04-24,33.37,33.56,32.405,32.72,31.801,31279,0.0,1.0
2018-04-25,32.45,32.5152,31.94,32.3,31.3928,21173,0.0,1.0
2018-04-26,32.48,32.6459,32.19,32.6,31.6844,24068,0.0,1.0
2018-04-27,33.0,33.0,32.4971,32.7352,31.8158,12252,0.0,1.0
2018-04-30,32.76,32.9708,32.53,32.59,31.6747,22819,0.0,1.0
2018-05-01,32.35,32.89,32.33,32.86,31.9371,32080,0.0,1.0
2018-05-02,32.61,32.8742,32.55,32.56,31.6455,14133,0.0,1.0
2018-05-03,32.03,32.5325,31.911,32.45,31.5386,20206,0.0,1.0
2018-05-04,32.23,33.15,32.23,33.15,32.2189,21152,0.0,1.0
2018-05-07,33.31,33.7458,33.18,33.6012,32.6575,26780,0.0,1.0
2018-05-08,33.56,33.885,33.51,33.87,32.9187,14998,0.0,1.0
2018-05-09,34.04,34.42,33.97,34.42,33.4533,27130,0.0,1.0
2018-05-10,34.54,34.87,34.536,34.7853,33.8083,16474,0.0,1.0
2018-05-11,34.77,34.87,34.501,34.58,33.6088,19660,0.0,1.0
2018-05-14,34.58,34.91,34.36,34.371,33.4056,29435,0.0,1.0
2018-05-15,34.16,34.22,33.88,34.1702,33.2105,17441,0.0,1.0
2018-05-16,34.12,34.5216,34.12,34.4596,33.4918,27176,0.0,1.0
2018-05-17,34.4,34.73,34.4,34.53,33.5602,8123,0.0,1.0
2018-05-18,34.2162,34.25,34.1417,34.19,33.2297,13224,0.0,1.0
2018-05-21,34.31,34.52,34.12,34.23,33.2686,31856,0.0,1.0
2018-05-22,34.37,34.37,34.0,34.0,33.0451,53543,0.0,1.0
2018-05-23,33.8,34.12,33.75,34.09,33.1325,16122,0.0,1.0
2018-05-24,34.03,34.0902,33.9,33.94,32.9867,20539,0.0,1.0
2018-05-25,33.921,34.0524,33.9136,34.02,33.0645,16423,0.0,1.0
2018-05-29,33.75,34.0562,33.651,33.8425,32.892,64115,0.0,1.0
2018-05-30,33.86,34.15,33.86,34.0766,33.1195,119771,0.0,1.0
2018-05-31,34.03,34.25,33.85,33.99,33.0353,17796,0.0,1.0
2018-06-01,34.08,34.499,34.08,34.44,33.4727,25064,0.0,1.0
2018-06-04,34.44,34.989,34.44,34.86,33.8809,38876,0.0,1.0
2018-06-05,34.96,35.1019,34.835,35.05,34.0656,25996,0.0,1.0
2018-06-06,35.25,35.7699,35.201,35.7699,34.7653,17357,0.0,1.0
2018-06-07,35.76,35.89,35.2,35.46,34.4641,37149,0.0,1.0
2018-06-08,35.57,35.57,35.29,35.47,34.4738,12316,0.0,1.0
2018-06-11,35.52,36.24,35.52,36.22,35.2027,39042,0.0,1.0
2018-06-12,36.4,36.57,36.19,36.38,35.3582,20755,0.0,1.0
2018-06-13,36.5,36.67,36.3533,36.39,35.3679,45189,0.0,1.0
2018-06-14,36.67,36.82,36.501,36.75,35.7178,46462,0.0,1.0
2018-06-15,36.53,36.75,36.37,36.75,35.7178,19688,0.0,1.0
2018-06-18,36.47,36.95,36.47,36.95,35.9122,21741,0.0,1.0
2018-06-19,36.6,36.6,35.69,36.18,35.1638,37546,0.0,1.0
2018-06-20,36.21,36.66,36.21,36.64,35.6109,22047,0.0,1.0
2018-06-21,36.81,36.81,35.66,35.681,34.6789,23928,0.0,1.0
2018-06-22,35.66,35.66,35.16,35.2529,34.2628,17222,0.0,1.0
2018-06-25,34.98,34.98,34.11,34.38,33.4144,43112,0.0,1.0
2018-06-26,34.49,34.88,34.4347,34.78,33.8032,12292,0.0,1.0
2018-06-27,34.89,35.03,34.191,34.191,33.2307,15981,0.0,1.0
2018-06-28,34.27,34.629,34.0,34.57,33.5991,13174,0.0,1.0
2018-06-29,34.95,34.97,34.6396,34.66,33.6865,12633,0.0,1.0
2018-07-02,34.61,34.7,34.31,34.68,33.706,13960,0.0,1.0
2018-07-03,34.51,34.664,34.24,34.27,33.3075,14590,0.0,1.0
2018-07-05,34.69,34.69,34.15,34.57,33.5991,14445,0.0,1.0
2018-07-06,34.34,35.08,34.34,35.08,34.0947,8855,0.0,1.0
2018-07-09,35.42,35.7,35.41,35.66,34.6584,15977,0.0,1.0
2018-07-10,35.67,35.79,35.411,35.6,34.6001,12962,0.0,1.0
2018-07-11,35.32,35.332,35.092,35.22,34.2308,12008,0.0,1.0
2018-07-12,35.63,35.69,35.431,35.69,34.6876,16895,0.0,1.0
2018-07-13,35.69,35.78,35.465,35.65,34.6487,23364,0.0,1.0
2018-07-16,35.71,35.71,35.3034,35.4842,34.4876,15841,0.0,1.0
2018-07-17,35.28,35.9899,35.11,35.94,34.9306,12392,0.0,1.0
2018-07-18,35.97,36.13,35.8373,36.118,35.1036,33287,0.0,1.0
2018-07-19,36.13,36.13,35.5501,35.95,34.9403,74660,0.0,1.0
2018-07-20,35.81,35.9875,35.8,35.8016,34.7961,13498,0.0,1.0
2018-07-23,35.7,35.7199,35.17,35.69,34.6876,120783,0.0,1.0
2018-07-24,35.86,36.1001,35.02,35.1145,34.1283,11220,0.0,1.0
2018-07-25,35.03,35.96,35.03,35.86,34.8528,23124,0.0,1.0
2018-07-26,36.02,36.1,35.67,35.85,34.8431,13079,0.0,1.0
2018-07-27,36.17,36.17,34.85,35.22,34.2308,89133,0.0,1.0
2018-07-30,35.27,35.27,34.35,34.59,33.6185,100603,0.0,1.0
2018-07-31,34.8,35.0699,34.67,35.01,34.0267,17427,0.0,1.0
2018-08-01,34.84,35.3349,34.84,35.19,34.2016,8270,0.0,1.0
2018-08-02,35.04,36.24,35.04,36.16,35.1444,87408,0.0,1.0
2018-08-03,36.42,36.42,36.03,36.24,35.2221,72410,0.0,1.0
2018-08-06,36.33,36.4,36.17,36.26,35.2416,22569,0.0,1.0
2018-08-07,36.49,36.96,36.2401,36.73,35.6984,242133,0.0,1.0
2018-08-08,36.82,37.029,36.69,36.85,35.815,34080,0.0,1.0
2018-08-09,36.81,36.8713,36.52,36.52,35.4943,84414,0.0,1.0
2018-08-10,36.29,36.4003,36.1358,36.35,35.3291,15959,0.0,1.0
2018-08-13,36.35,36.469,35.881,35.97,34.9597,47025,0.0,1.0
2018-08-14,36.16,36.2,35.82,36.05,35.0375,40566,0.0,1.0
2018-08-15,35.83,35.9,35.08,35.44,34.4446,106266,0.0,1.0
2018-08-16,35.52,35.8064,35.49,35.56,34.5612,47700,0.0,1.0
2018-08-17,35.55,35.55,34.935,35.3,34.3086,46364,0.0,1.0
2018-08-20,35.25,35.7695,35.21,35.75,34.7459,13782,0.0,1.0
2018-08-21,35.81,36.4492,35.81,36.23,35.2124,14560,0.0,1.0
2018-08-22,35.85,36.2965,35.85,36.2001,35.1834,11959,0.0,1.0
2018-08-23,36.14,36.45,36.07,36.08,35.0666,77190,0.0,1.0
2018-08-24,36.31,36.68,36.31,36.68,35.6498,11991,0.0,1.0
2018-08-27,36.54,37.17,36.54,37.17,36.126,32546,0.0,1.0
2018-08-28,37.32,37.32,37.16,37.2,36.1552,16766,0.0,1.0
2018-08-29,37.32,37.47,37.12,37.37,36.3204,21099,0.0,1.0
2018-08-30,37.03,37.34,37.01,37.12,36.0774,18091,0.0,1.0
2018-08-31,37.09,37.19,36.9367,37.14,36.0969,99092,0.0,1.0
2018-09-04,37.02,37.02,36.4372,36.605,35.5769,19311,0.0,1.0
2018-09-05,36.44,36.44,35.795,35.83,34.8237,24728,0.0,1.0
2018-09-06,35.89,36.104,35.55,35.83,34.8237,81490,0.0,1.0
2018-09-07,35.51,35.8316,35.3899,35.59,34.5904,20464,0.0,1.0
2018-09-10,35.8,35.8995,35.54,35.86,34.8528,24254,0.0,1.0
2018-09-11,35.63,35.97,35.531,35.91,34.9014,53590,0.0,1.0
2018-09-12,35.72,36.09,35.48,36.07,35.0569,38815,0.0,1.0
2018-09-13,36.04,36.7145,36.04,36.4299,35.4067,16213,0.0,1.0
2018-09-14,36.5,36.79,36.38,36.6,35.572,192176,0.0,1.0
2018-09-17,36.42,36.42,36.0195,36.06,35.0472,107146,0.0,1.0
2018-09-18,36.01,36.4331,35.97,36.1483,35.133,9636,0.0,1.0
2018-09-19,35.98,36.51,35.98,36.51,35.4846,10865,0.0,1.0
2018-09-20,36.93,36.99,36.6401,36.86,35.8247,14819,0.0,1.0
2018-09-21,37.0,37.16,36.62,36.62,35.5915,11764,0.0,1.0
2018-09-24,36.49,36.5,36.31,36.45,35.4263,9109,0.0,1.0
2018-09-25,36.79,36.79,36.4206,36.56,35.5332,90777,0.0,1.0
2018-09-26,36.46,36.8619,36.46,36.57,35.5429,29040,0.0,1.0
2018-09-27,36.88,36.88,36.54,36.66,35.6304,10310,0.0,1.0
2018-09-28,36.12,36.31,35.99,36.02,35.0083,106452,0.0,1.0
2018-10-01,36.81,36.91,36.4202,36.56,35.5332,13931,0.0,1.0
2018-10-02,36.62,36.62,35.8401,35.892,34.8839,12416,0.0,1.0
2018-10-03,35.99,36.238,35.9113,36.01,34.9986,40654,0.0,1.0
2018-10-04,35.97,35.97,34.9906,35.15,34.1628,22507,0.0,1.0
2018-10-05,35.252,35.252,34.07,34.33,33.3658,27265,0.0,1.0
2018-10-08,34.25,34.34,33.43,33.78,32.8312,87141,0.0,1.0
2018-10-09,33.87,33.97,33.6073,33.7,32.7535,73075,0.0,1.0
2018-10-10,33.39,33.39,32.09,32.22,31.3151,48257,0.0,1.0
2018-10-11,31.91,32.56,31.48,31.66,30.7708,79232,0.0,1.0
2018-10-12,32.24,32.72,32.0353,32.6,31.6844,73936,0.0,1.0
2018-10-15,32.52,32.6099,32.22,32.27,31.3637,11981,0.0,1.0
2018-10-16,32.32,33.39,32.32,33.39,32.4522,13699,0.0,1.0
2018-10-17,33.43,33.43,32.885,33.19,32.2578,40706,0.0,1.0
2018-10-18,32.93,32.93,32.2,32.32,31.4122,14835,0.0,1.0
2018-10-19,32.55,32.6239,31.8058,31.82,30.9263,19622,0.0,1.0
2018-10-22,32.3,32.35,31.9,32.11,31.2081,14004,0.0,1.0
2018-10-23,31.79,32.4122,31.35,32.27,31.3637,17107,0.0,1.0
2018-10-24,32.33,32.33,30.945,30.96,30.0904,77069,0.0,1.0
2018-10-25,31.34,32.0835,31.3342,31.92,31.0235,12721,0.0,1.0
2018-10-26,30.97,32.19,30.97,31.6,30.7125,31143,0.0,1.0
2018-10-29,32.03,32.33,30.7,31.21,30.3334,11877,0.0,1.0
2018-10-30,31.09,31.8547,30.84,31.79,30.8971,31145,0.0,1.0
2018-10-31,32.02,32.7446,32.02,32.45,31.5386,8525,0.0,1.0
2018-11-01,32.93,34.3396,32.93,34.22,33.2589,69824,0.0,1.0
2018-11-02,34.57,34.72,33.9701,34.25,33.288,27513,0.0,1.0
2018-11-05,34.04,34.205,33.509,33.73,32.7826,47171,0.0,1.0
2018-11-06,33.69,34.07,33.6455,33.95,32.9965,46542,0.0,1.0
2018-11-07,34.31,34.76,34.2559,34.71,33.7351,18284,0.0,1.0
2018-11-08,34.47,34.85,34.47,34.72,33.7448,116706,0.0,1.0
2018-11-09,34.51,34.51,33.59,33.96,33.0062,92274,0.0,1.0
2018-11-12,33.59,33.59,32.72,32.76,31.8399,10024,0.0,1.0
2018-11-13,33.36,33.5219,32.915,33.0,32.0731,18116,0.0,1.0
2018-11-14,33.45,33.65,32.94,33.1,32.1703,10793,0.0,1.0
2018-11-15,32.93,33.7,32.9,33.6,32.6563,15188,0.0,1.0
2018-11-16,32.97,33.4502,32.97,33.38,32.4425,7072,0.0,1.0
2018-11-19,33.26,33.26,32.0973,32.1303,31.2279,14516,0.0,1.0
2018-11-20,31.29,31.8975,31.0,31.56,30.6736,23581,0.0,1.0
2018-11-21,32.0,32.34,32.0,32.03,31.1304,5141,0.0,1.0
2018-11-23,32.03,32.1,31.8447,31.95,31.0526,6937,0.0,1.0
2018-11-26,32.3438,32.82,32.3438,32.82,31.8982,5992,0.0,1.0
2018-11-27,32.48,32.7175,32.34,32.3901,31.4804,5502,0.0,1.0
2018-11-28,32.56,33.31,32.4226,33.31,32.3744,14932,0.0,1.0
2018-11-29,32.87,33.26,32.8558,32.95,32.0246,11057,0.0,1.0
2018-11-30,32.75,33.3125,32.75,33.28,32.3453,12021,0.0,1.0
2018-12-03,34.36,34.45,33.75,33.93,32.977,18200,0.0,1.0
2018-12-04,34.2,34.2,32.56,32.65,31.733,17602,0.0,1.0
2018-12-06,32.05,32.71,31.83,32.71,31.7913,67222,0.0,1.0
2018-12-07,32.77,33.04,31.775,31.86,30.9652,57662,0.0,1.0
2018-12-10,31.52,32.05,31.35,31.94,31.0429,51495,0.0,1.0
2018-12-11,32.19,32.51,31.78,32.06,31.1596,58384,0.0,1.0
2018-12-12,32.17,32.8827,32.17,32.52,31.6066,11995,0.0,1.0
2018-12-13,32.7,32.75,32.1292,32.249,31.3432,10285,0.0,1.0
2018-12-14,31.76,32.15,31.68,31.78,30.8874,15481,0.0,1.0
2018-12-17,31.43,31.58,30.53,30.73,29.8669,152907,0.0,1.0
2018-12-18,31.03,31.36,30.85,31.0,30.1293,28665,0.0,1.0
2018-12-19,30.81,31.43,30.28,30.56,29.7017,27860,0.0,1.0
2018-12-20,30.17,30.57,29.57,29.92,29.0797,72661,0.0,1.0
2018-12-21,30.04,30.135,29.03,29.33,28.5062,23605,0.0,1.0
2018-12-24,28.84,29.26,28.515,28.7861,27.9776,17358,0.0,1.0
2018-12-26,28.89,30.1,28.54,30.09,29.2449,33281,0.0,1.0
2018-12-27,29.15,29.22,28.29,29.22,29.22,40780,0.8444,1.0
2018-12-28,29.77,29.93,29.152,29.5,29.5,27850,0.0,1.0
2018-12-31,29.68,29.93,29.235,29.49,29.49,30660,0.0,1.0
2019-01-02,29.09,29.75,28.92,29.5627,29.5627,20724,0.0,1.0
2019-01-03,29.3,29.3,28.41,28.43,28.43,13728,0.0,1.0
2019-01-04,28.8663,29.788,28.8662,29.73,29.73,8809,0.0,1.0
2019-01-07,29.68,30.6499,29.68,30.43,30.43,11335,0.0,1.0
2019-01-08,30.88,31.0,30.25,30.71,30.71,23088,0.0,1.0
2019-01-09,31.01,31.48,31.01,31.37,31.37,18944,0.0,1.0
2019-01-10,31.32,31.36,30.66,31.36,31.36,11641,0.0,1.0
2019-01-11,31.05,31.44,31.05,31.35,31.35,45363,0.0,1.0
2019-01-14,31.18,31.19,30.8652,30.9,30.9,17384,0.0,1.0
2019-01-15,31.31,31.71,31.02,31.6469,31.6469,20602,0.0,1.0
2019-01-16,31.66,32.1126,31.59,31.62,31.62,29501,0.0,1.0
2019-01-17,31.43,31.95,31.395,31.72,31.72,15142,0.0,1.0
2019-01-18,31.72,32.1291,31.68,31.89,31.89,23033,0.0,1.0
2019-01-22,31.64,31.64,30.7,30.87,30.87,24605,0.0,1.0
2019-01-23,30.91,31.27,30.66,30.91,30.91,13282,0.0,1.0
2019-01-24,31.25,31.5997,31.15,31.4835,31.4835,10410,0.0,1.0
2019-01-25,31.61,32.26,31.61,32.18,32.18,52007,0.0,1.0
2019-01-28,31.65,31.7276,31.39,31.59,31.59,12946,0.0,1.0
2019-01-29,31.6,32.03,31.6,31.8165,31.8165,9724,0.0,1.0
2019-01-30,32.0,32.63,31.9101,32.55,32.55,19006,0.0,1.0
2019-01-31,32.21,33.32,32.21,33.26,33.26,37523,0.0,1.0
2019-02-01,33.3,33.4,33.05,33.33,33.33,67331,0.0,1.0
2019-02-04,33.4,33.74,33.18,33.6655,33.6655,26706,0.0,1.0
2019-02-05,33.74,34.13,33.68,34.1,34.1,34499,0.0,1.0
2019-02-06,34.11,34.44,34.07,34.21,34.21,39583,0.0,1.0
2019-02-07,33.41,33.59,32.92,33.1145,33.1145,85594,0.0,1.0
2019-02-08,33.09,33.35,32.84,33.2771,33.2771,14845,0.0,1.0
2019-02-11,33.62,33.76,33.37,33.65,33.65,25127,0.0,1.0
2019-02-12,33.81,34.4096,33.81,34.375,34.375,17382,0.0,1.0
2019-02-13,34.5,34.68,34.45,34.55,34.55,46321,0.0,1.0
2019-02-14,34.12,34.64,33.97,34.5507,34.5507,36384,0.0,1.0
2019-02-15,34.69,34.94,34.69,34.93,34.93,39370,0.0,1.0
2019-02-19,34.97,35.13,34.9208,34.98,34.98,36441,0.0,1.0
2019-02-20,35.08,35.3,34.74,35.12,35.12,16497,0.0,1.0
2019-02-21,35.0,35.085,34.59,34.66,34.66,47663,0.0,1.0
2019-02-22,35.08,35.11,34.87,35.11,35.11,13486,0.0,1.0
2019-02-25,35.39,35.679,35.3728,35.3814,35.3814,30628,0.0,1.0
2019-02-26,35.5,35.5,35.1,35.2,35.2,15935,0.0,1.0
2019-02-27,35.2,35.4499,34.92,35.34,35.34,10500,0.0,1.0
2019-02-28,35.44,35.44,35.06,35.28,35.28,28099,0.0,1.0
2019-03-01,35.72,35.72,34.86,34.8655,34.8655,12982,0.0,1.0
2019-03-04,35.1,35.1,34.12,34.5256,34.5256,10841,0.0,1.0
2019-03-05,34.56,34.72,34.25,34.5286,34.5286,24515,0.0,1.0
2019-03-06,34.57,34.57,33.97,33.99,33.99,13274,0.0,1.0
2019-03-07,33.74,33.74,32.8401,32.92,32.92,65419,0.0,1.0
2019-03-08,32.49,32.99,32.22,32.99,32.99,17439,0.0,1.0
2019-03-11,33.05,33.872,33.05,33.82,33.82,18297,0.0,1.0
2019-03-12,33.96,34.05,33.7473,33.84,33.84,18255,0.0,1.0
2019-03-13,34.01,34.4199,34.01,34.07,34.07,25971,0.0,1.0
2019-03-14,33.95,34.241,33.95,34.0,34.0,14278,0.0,1.0
2019-03-15,34.34,34.34,33.9,33.9,33.9,33893,0.0,1.0
2019-03-18,33.91,34.2129,33.8258,33.97,33.97,9642,0.0,1.0
2019-03-19,34.18,34.48,34.16,34.26,34.26,15951,0.0,1.0
2019-03-20,34.179,34.429,33.87,34.25,34.25,11467,0.0,1.0
2019-03-21,34.32,34.9499,34.32,34.83,34.83,12288,0.0,1.0
2019-03-22,34.74,34.74,33.61,33.6251,33.6251,17937,0.0,1.0
2019-03-25,33.4,33.5,33.072,33.47,33.47,12662,0.0,1.0
2019-03-26,33.99,34.04,33.59,33.81,33.81,12644,0.0,1.0
2019-03-27,33.6945,33.6945,33.1104,33.47,33.47,6447,0.0,1.0
2019-03-28,33.53,33.93,33.5,33.73,33.73,23009,0.0,1.0
2019-03-29,34.0695,34.1099,33.9401,34.04,34.04,7132,0.0,1.0
2019-04-01,34.16,34.88,34.16,34.83,34.83,31303,0.0,1.0
2019-04-02,34.8,35.0394,34.78,34.9938,34.9938,16380,0.0,1.0
2019-04-03,35.02,35.78,35.02,35.58,35.58,16254,0.0,1.0
2019-04-04,35.33,35.39,34.9,35.19,35.19,22556,0.0,1.0
2019-04-05,35.39,35.6997,35.36,35.69,35.69,12190,0.0,1.0
2019-04-08,35.48,35.7,35.46,35.64,35.64,16798,0.0,1.0
2019-04-09,35.45,35.54,35.21,35.21,35.21,18819,0.0,1.0
2019-04-10,35.54,35.55,35.28,35.55,35.55,6238,0.0,1.0
2019-04-11,35.41,35.41,35.21,35.25,35.25,23288,0.0,1.0
2019-04-12,35.44,35.61,35.36,35.4,35.4,66358,0.0,1.0
2019-04-15,35.37,35.4,34.98,35.12,35.12,25378,0.0,1.0
2019-04-16,35.23,35.5799,35.23,35.47,35.47,28881,0.0,1.0
2019-04-17,35.66,35.66,35.21,35.28,35.28,35359,0.0,1.0
2019-04-18,35.3,35.4633,35.09,35.32,35.32,25421,0.0,1.0
2019-04-22,35.09,35.27,35.01,35.13,35.13,16409,0.0,1.0
2019-04-23,35.29,35.6144,35.29,35.54,35.54,11997,0.0,1.0
2019-04-24,35.56,35.7695,35.46,35.53,35.53,36387,0.0,1.0
2019-04-25,35.35,35.35,34.73,34.73,34.73,43322,0.0,1.0
2019-04-26,34.7,34.7,34.25,34.51,34.51,26419,0.0,1.0
2019-04-29,34.46,34.8,34.46,34.66,34.66,18010,0.0,1.0
2019-04-30,34.66,34.66,34.25,34.6156,34.6156,10447,0.0,1.0
2019-05-01,34.73,34.8217,34.27,34.32,34.32,14261,0.0,1.0
2019-05-02,34.31,34.6068,34.1,34.58,34.58,25165,0.0,1.0
2019-05-03,34.89,35.4,34.89,35.39,35.39,41842,0.0,1.0
2019-05-06,34.66,35.105,34.52,35.05,35.05,19768,0.0,1.0
2019-05-07,34.81,34.81,34.0805,34.39,34.39,28376,0.0,1.0
2019-05-08,34.11,34.19,33.86,33.86,33.86,16315,0.0,1.0
2019-05-09,33.45,33.5601,32.96,33.51,33.51,34524,0.0,1.0
2019-05-10,33.48,33.6278,32.8514,33.59,33.59,14206,0.0,1.0
2019-05-13,32.76,32.76,31.83,32.02,32.02,36934,0.0,1.0
2019-05-14,32.23,32.78,32.23,32.7,32.7,13465,0.0,1.0
2019-05-15,32.66,32.95,32.343,32.85,32.85,18379,0.0,1.0
2019-05-16,32.88,33.23,32.7752,33.02,33.02,23644,0.0,1.0
2019-05-17,32.59,32.59,31.89,31.92,31.92,15282,0.0,1.0
2019-05-20,31.39,31.41,31.05,31.17,31.17,36524,0.0,1.0
2019-05-21,31.41,31.72,31.41,31.72,31.72,17534,0.0,1.0
2019-05-22,31.58,31.58,31.11,31.15,31.15,169905,0.0,1.0
2019-05-23,30.99,30.99,30.1,30.28,30.28,19811,0.0,1.0
2019-05-24,30.49,30.75,30.11,30.11,30.11,20815,0.0,1.0
2019-05-28,30.18,30.48,30.029,30.0837,30.0837,14077,0.0,1.0
2019-05-29,30.0,30.0,29.58,29.81,29.81,32037,0.0,1.0
2019-05-30,29.97,30.335,29.8629,30.09,30.09,72193,0.0,1.0
2019-05-31,29.71,29.71,29.2912,29.34,29.34,14973,0.0,1.0
2019-06-03,29.32,29.32,28.8,29.0,29.0,91153,0.0,1.0
2019-06-04,28.61,30.13,28.61,30.13,30.13,94452,0.0,1.0
2019-06-05,30.26,30.5,29.75,30.12,30.12,19226,0.0,1.0
2019-06-06,30.17,30.3259,30.03,30.22,30.22,15880,0.0,1.0
2019-06-07,30.46,30.675,30.46,30.49,30.49,6656,0.0,1.0
2019-06-10,30.82,31.4,30.82,31.03,31.03,17356,0.0,1.0
2019-06-11,31.4,31.44,30.97,31.0833,31.0833,7669,0.0,1.0
2019-06-12,31.08,31.08,30.61,30.68,30.68,5297,0.0,1.0
2019-06-13,30.79,31.01,30.79,31.01,31.01,9165,0.0,1.0
2019-06-14,30.72,30.7569,30.5701,30.71,30.71,12063,0.0,1.0
2019-06-17,30.73,31.2368,30.73,31.0486,31.0486,14096,0.0,1.0
2019-06-18,31.58,32.13,31.46,31.8,31.8,10658,0.0,1.0
2019-06-19,31.83,31.965,31.76,31.91,31.91,8615,0.0,1.0
2019-06-20,32.39,32.4112,32.135,32.3219,32.3219,11036,0.0,1.0
2019-06-21,32.19,32.5407,31.9301,32.42,32.42,27312,0.0,1.0
2019-06-24,32.52,32.52,32.19,32.19,32.19,7559,0.0,1.0
2019-06-25,32.13,32.2,31.8,31.87,31.87,12830,0.0,1.0
2019-06-26,32.0,32.4,32.0,32.25,32.25,6795,0.0,1.0
2019-06-27,32.17,32.83,32.17,32.81,32.81,76999,0.0,1.0
2019-06-28,32.8,33.81,32.8,33.76,33.76,19928,0.0,1.0
2019-07-01,34.35,34.5399,33.7005,33.86,33.86,26346,0.0,1.0
2019-07-02,34.05,34.05,33.1302,33.28,33.28,18776,0.0,1.0
2019-07-03,33.67,33.67,33.33,33.5,33.5,25020,0.0,1.0
2019-07-05,33.1,33.3796,33.0,33.32,33.32,31047,0.0,1.0
2019-07-08,33.17,33.2399,33.01,33.17,33.17,12794,0.0,1.0
2019-07-09,32.91,33.38,32.91,33.37,33.37,20406,0.0,1.0
2019-07-10,33.54,33.7675,33.42,33.52,33.52,34139,0.0,1.0
2019-07-11,33.38,33.82,33.38,33.69,33.69,31403,0.0,1.0
2019-07-12,33.72,33.9087,33.7971,33.9087,33.9087,6924,0.0,1.0
